{
"type": "FeatureCollection",
"name": "johor_districts",
"crs": { "type": "name", "properties": { "name": "urn:ogc:def:crs:OGC:1.3:CRS84" } },
"features": [
{ "type": "Feature", "properties": { "code": "ST", "district": "Segamat", "dosm_name": "Segamat", "geo_name": "Segamat" }, "geometry": { "type": "Polygon", "coordinates": [ [ [ 102.701322215691505, 2.832076560575578 ], [ 102.631779710000046, 2.650083570000049 ], [ 102.625571584000056, 2.632085474000064 ], [ 102.625571584000056, 2.630896613000061 ], [ 102.626523676000033, 2.62756779700004 ], [ 102.627475769000057, 2.625903386000061 ], [ 102.627713792000065, 2.623763426000039 ], [ 102.627713792000065, 2.621385688000032 ], [ 102.627237746000048, 2.618770170000062 ], [ 102.628665884000043, 2.616392423000036 ], [ 102.632236231000036, 2.613539120000041 ], [ 102.63318832300007, 2.612112466000042 ], [ 102.635330532000069, 2.611161362000075 ], [ 102.638424832000055, 2.609496929000045 ], [ 102.639376925000079, 2.608308047000037 ], [ 102.639614948000087, 2.605930280000052 ], [ 102.639138901000081, 2.603790285000059 ], [ 102.638424832000055, 2.601174731000071 ], [ 102.636758670000063, 2.598559172000023 ], [ 102.635330532000069, 2.595943607000038 ], [ 102.634616462000054, 2.593328037000049 ], [ 102.634378439000045, 2.590474682000036 ], [ 102.634378439000045, 2.58809688100007 ], [ 102.632474254000044, 2.587145759000066 ], [ 102.630570069000044, 2.589761342000031 ], [ 102.628903907000051, 2.590712462000056 ], [ 102.625809607000065, 2.590474682000036 ], [ 102.622715306000032, 2.589285782000047 ], [ 102.623191353000038, 2.587145759000066 ], [ 102.624381468000081, 2.585719075000043 ], [ 102.623905422000064, 2.58429239000003 ], [ 102.622001237000063, 2.58405460900002 ], [ 102.619382983000037, 2.583341265000058 ], [ 102.618668913000079, 2.58239014000003 ], [ 102.616526705000069, 2.580250106000051 ], [ 102.616050659000052, 2.578347850000057 ], [ 102.616764728000078, 2.576921156000026 ], [ 102.615336590000084, 2.575018895000028 ], [ 102.613908451000043, 2.573592198000028 ], [ 102.613194382000074, 2.570263231000069 ], [ 102.612004266000042, 2.568598744000042 ], [ 102.609386012000073, 2.567409824000038 ], [ 102.608909965000066, 2.56526976400005 ], [ 102.609862058000033, 2.563367486000061 ], [ 102.611052173000076, 2.560751849000042 ], [ 102.612004266000042, 2.55884956400007 ], [ 102.612956358000076, 2.556471704000046 ], [ 102.613194382000074, 2.554569413000024 ], [ 102.611766243000034, 2.552667119000034 ], [ 102.610100081000041, 2.552191545000028 ], [ 102.609862058000033, 2.548862522000036 ], [ 102.608909965000066, 2.543631184000049 ], [ 102.609624035000081, 2.540539928000044 ], [ 102.610576127000058, 2.537924245000056 ], [ 102.611052173000076, 2.535070766000047 ], [ 102.610814150000067, 2.531028327000058 ], [ 102.613194382000074, 2.52674808300003 ], [ 102.615098567000075, 2.52555912400004 ], [ 102.617954844000053, 2.523894580000047 ], [ 102.619144960000085, 2.522467826000025 ], [ 102.618906936000087, 2.518900933000054 ], [ 102.614146474000052, 2.515096238000069 ], [ 102.612242289000051, 2.511767120000059 ], [ 102.610100081000041, 2.511767120000059 ], [ 102.608671942000058, 2.511767120000059 ], [ 102.606767757000057, 2.510102558000028 ], [ 102.60629171100004, 2.507724608000046 ], [ 102.60771985000008, 2.506297836000044 ], [ 102.60629171100004, 2.504157676000034 ], [ 102.605101596000054, 2.501779715000055 ], [ 102.60581566500008, 2.498212767000041 ], [ 102.606529734000048, 2.493694618000063 ], [ 102.607243804000063, 2.489889849000065 ], [ 102.609386012000073, 2.490127647000065 ], [ 102.611766243000034, 2.489414252000074 ], [ 102.613194382000074, 2.484420475000036 ], [ 102.614015727000037, 2.482204927000055 ], [ 102.631105621000074, 2.48210192800002 ], [ 102.632965177000074, 2.464638390000061 ], [ 102.63036179900007, 2.46129428200004 ], [ 102.628130332000069, 2.456835459000047 ], [ 102.626642688000061, 2.452748190000023 ], [ 102.624783132000061, 2.449404053000023 ], [ 102.624783132000061, 2.446059907000063 ], [ 102.628874154000073, 2.443458898000074 ], [ 102.63036179900007, 2.439371589000075 ], [ 102.630733710000072, 2.433797966000043 ], [ 102.632593266000072, 2.429710628000066 ], [ 102.654907933000061, 2.408902169000044 ], [ 102.65862704400007, 2.415590637000037 ], [ 102.664949533000083, 2.418563279000068 ], [ 102.669040556000084, 2.420049598000048 ], [ 102.670156289000033, 2.415219056000069 ], [ 102.669040556000084, 2.410388498000032 ], [ 102.670900111000037, 2.40667267300006 ], [ 102.67536304500004, 2.404071589000068 ], [ 102.681685534000053, 2.399240991000056 ], [ 102.683173178000061, 2.397011478000024 ], [ 102.687264201000062, 2.398126235000063 ], [ 102.68689229000006, 2.402585253000041 ], [ 102.687636112000064, 2.40555792300006 ], [ 102.689867578000076, 2.408159004000026 ], [ 102.693586690000075, 2.41187482600003 ], [ 102.696933890000082, 2.411503244000073 ], [ 102.701396823000039, 2.410760080000045 ], [ 102.699909179000088, 2.415962218000061 ], [ 102.70548784600004, 2.419306438000035 ], [ 102.710322690000055, 2.424136965000059 ], [ 102.714785624000058, 2.428595897000037 ], [ 102.719248557000071, 2.421164335000071 ], [ 102.722967668000081, 2.417076959000042 ], [ 102.725942957000086, 2.414104314000042 ], [ 102.729662069000085, 2.411503244000073 ], [ 102.734868824000046, 2.410388498000032 ], [ 102.740447491000054, 2.409645334000061 ], [ 102.744910425000057, 2.410388498000032 ], [ 102.75123291400007, 2.413361151000061 ], [ 102.764249803000041, 2.414847476000034 ], [ 102.769456559000048, 2.414475895000066 ], [ 102.772431848000053, 2.410760080000045 ], [ 102.776150959000063, 2.40853058700003 ], [ 102.777638603000071, 2.404443172000072 ], [ 102.777239915000052, 2.399941949000038 ], [ 102.779677271000082, 2.398572137000031 ], [ 102.781962293000049, 2.397811131000026 ], [ 102.783790311000075, 2.397354526000072 ], [ 102.785618328000055, 2.396897922000051 ], [ 102.788512689000072, 2.395375906000027 ], [ 102.791864055000076, 2.394767099000035 ], [ 102.793996742000047, 2.395071502000064 ], [ 102.795977094000079, 2.396136914000067 ], [ 102.798414451000042, 2.398724339000069 ], [ 102.800090134000072, 2.398572137000031 ], [ 102.799633130000075, 2.39644131700004 ], [ 102.800394804000064, 2.394462695000072 ], [ 102.801918151000052, 2.392788475000032 ], [ 102.803136830000085, 2.391266454000061 ], [ 102.804812513000059, 2.391114252000023 ], [ 102.80755453900008, 2.391723060000061 ], [ 102.807859209000071, 2.390505443000052 ], [ 102.806335861000036, 2.388831218000064 ], [ 102.805726521000054, 2.387461395000059 ], [ 102.806183526000041, 2.385939369000027 ], [ 102.808468548000064, 2.386395977000063 ], [ 102.809534891000055, 2.386243774000036 ], [ 102.807859209000071, 2.384873949000053 ], [ 102.806792865000034, 2.384265138000046 ], [ 102.806640530000038, 2.383047514000054 ], [ 102.808316213000069, 2.382743108000057 ], [ 102.807706874000075, 2.381982092000044 ], [ 102.806031191000045, 2.381677686000046 ], [ 102.805726521000054, 2.380460059000029 ], [ 102.805574187000047, 2.379546839000056 ], [ 102.804660178000063, 2.380155653000031 ], [ 102.803441499000087, 2.381677686000046 ], [ 102.802679825000041, 2.383199717000025 ], [ 102.801156478000053, 2.382286498000042 ], [ 102.801461147000055, 2.381221076000031 ], [ 102.800394804000064, 2.380003449000071 ], [ 102.801918151000052, 2.378481415000067 ], [ 102.803746169000078, 2.37665497100005 ], [ 102.804355508000071, 2.375437340000076 ], [ 102.805269517000056, 2.374067504000038 ], [ 102.808468548000064, 2.373763096000062 ], [ 102.809991896000042, 2.372545463000051 ], [ 102.811210574000086, 2.371784442000035 ], [ 102.812886257000059, 2.371632238000075 ], [ 102.815475948000085, 2.372697667000068 ], [ 102.81745630100005, 2.372697667000068 ], [ 102.817760970000052, 2.371023420000029 ], [ 102.818674979000036, 2.370871216000069 ], [ 102.820198327000071, 2.372393259000035 ], [ 102.821264671000051, 2.372241055000075 ], [ 102.822331014000042, 2.369044762000044 ], [ 102.824159032000068, 2.371327829000052 ], [ 102.825682380000046, 2.371327829000052 ], [ 102.827205728000081, 2.372849871000028 ], [ 102.827205728000081, 2.374828524000065 ], [ 102.827510397000083, 2.377415989000042 ], [ 102.829490750000048, 2.380155653000031 ], [ 102.830861763000087, 2.378785822000054 ], [ 102.831928106000078, 2.37665497100005 ], [ 102.833451454000055, 2.375437340000076 ], [ 102.835431807000077, 2.374980728000025 ], [ 102.838173833000042, 2.374980728000025 ], [ 102.839544846000081, 2.376350563000074 ], [ 102.839544846000081, 2.377872600000046 ], [ 102.838173833000042, 2.380764466000073 ], [ 102.838173833000042, 2.382743108000057 ], [ 102.838935507000087, 2.385482760000059 ], [ 102.840154185000074, 2.387461395000059 ], [ 102.841829868000048, 2.384721746000025 ], [ 102.843048546000034, 2.383351920000052 ], [ 102.84381022000008, 2.385330558000021 ], [ 102.843200881000087, 2.387918003000038 ], [ 102.845333568000058, 2.388070205000076 ], [ 102.846856916000036, 2.387004787000023 ], [ 102.84838026400007, 2.388374610000028 ], [ 102.849446608000051, 2.390201039000033 ], [ 102.850360617000035, 2.392788475000032 ], [ 102.849446608000051, 2.395071502000064 ], [ 102.847923260000073, 2.397202325000023 ], [ 102.847466255000086, 2.399789748000046 ], [ 102.849446608000051, 2.400855155000045 ], [ 102.849446608000051, 2.403290371000026 ], [ 102.851883964000081, 2.402072764000025 ], [ 102.853407312000058, 2.403594772000076 ], [ 102.853407312000058, 2.406790985000043 ], [ 102.854473656000039, 2.408465188000037 ], [ 102.857644124000046, 2.413554374000057 ], [ 102.860500401000081, 2.414743433000069 ], [ 102.860738424000033, 2.412840938000045 ], [ 102.860024355000064, 2.410938440000052 ], [ 102.863832725000066, 2.409273752000047 ], [ 102.866450979000035, 2.41188968900002 ], [ 102.868355164000036, 2.414267809000023 ], [ 102.874305742000047, 2.411414064000041 ], [ 102.878114112000048, 2.411414064000041 ], [ 102.881684459000041, 2.41070062700004 ], [ 102.881684459000041, 2.408084687000041 ], [ 102.881446436000033, 2.405944370000043 ], [ 102.883588644000042, 2.40261497900002 ], [ 102.887158991000035, 2.399285581000072 ], [ 102.890729337000039, 2.39904776700007 ], [ 102.892157476000079, 2.396193990000029 ], [ 102.895489800000064, 2.392626760000041 ], [ 102.899774216000083, 2.392388944000061 ], [ 102.901202355000066, 2.39643180500002 ], [ 102.905962817000045, 2.395718359000057 ], [ 102.908581071000071, 2.39310239100007 ], [ 102.913103510000042, 2.389772970000024 ], [ 102.915007695000043, 2.386919173000024 ], [ 102.919768158000068, 2.38406537100002 ], [ 102.919768158000068, 2.379784657000073 ], [ 102.923576528000069, 2.374790473000076 ], [ 102.934287568000059, 2.363137308000034 ], [ 102.938810007000086, 2.35600266900002 ], [ 102.941904308000062, 2.353148803000067 ], [ 102.949045001000059, 2.350294932000054 ], [ 102.953091394000069, 2.346727584000064 ], [ 102.954995579000069, 2.341257633000055 ], [ 102.958565926000063, 2.337214611000036 ], [ 102.964278481000065, 2.333647230000054 ], [ 102.970229059000076, 2.33293375300002 ], [ 102.976655683000047, 2.332695927000032 ], [ 102.979988007000088, 2.332458101000043 ], [ 103.023546237000062, 2.30201605600007 ], [ 102.968562897000083, 2.213778048000052 ], [ 102.964720067000087, 2.204046559000062 ], [ 103.028279097000052, 2.17410488400003 ], [ 103.042806875000053, 2.170475549000059 ], [ 103.055518681000081, 2.168660879000072 ], [ 103.077310348000083, 2.171382884000025 ], [ 103.104549932000054, 2.171382884000025 ], [ 103.10818187700005, 2.212212366000074 ], [ 103.129973544000052, 2.237616812000056 ], [ 103.142685350000079, 2.244875144000048 ], [ 103.154489170000033, 2.253040725000062 ], [ 103.164477018000071, 2.253948009000055 ], [ 103.175372851000077, 2.258484420000059 ], [ 103.197164519000069, 2.269371749000072 ], [ 103.21714021400004, 2.278444461000049 ], [ 103.240747853000073, 2.286609852000026 ], [ 103.27161938200004, 2.297496969000065 ], [ 103.286147160000041, 2.302940496000076 ], [ 103.301582924000058, 2.312012995000032 ], [ 103.320650633000071, 2.321992677000026 ], [ 103.334270425000057, 2.333786755000062 ], [ 103.38057771800004, 2.37642605700006 ], [ 103.28855210200004, 2.577741797000044 ], [ 103.284841930000084, 2.576960142000075 ], [ 103.151481466000064, 2.523101853000071 ], [ 102.974140423000051, 2.593967551000048 ], [ 102.796799381000085, 2.802289303000066 ], [ 102.761513857123276, 2.818555336465124 ], [ 102.701322215691505, 2.832076560575578 ] ] ] } },
{ "type": "Feature", "properties": { "code": "LG", "district": "Tangkak", "dosm_name": "Tangkak", "geo_name": "Ledang" }, "geometry": { "type": "Polygon", "coordinates": [ [ [ 102.593914509000058, 2.410760080000045 ], [ 102.565533041000037, 2.395223221000037 ], [ 102.557978597000044, 2.395803824000041 ], [ 102.547518596000032, 2.396384427000044 ], [ 102.541126374000044, 2.392320201000075 ], [ 102.534153041000081, 2.387094749000028 ], [ 102.534734152000055, 2.381288668000025 ], [ 102.534153041000081, 2.374901951000027 ], [ 102.528923040000052, 2.367353974000025 ], [ 102.524274151000043, 2.361547811000037 ], [ 102.520787485000085, 2.356322242000033 ], [ 102.514976373000081, 2.353999761000068 ], [ 102.509165262000067, 2.344129174000045 ], [ 102.509165262000067, 2.33832291300007 ], [ 102.513814151000076, 2.332516629000054 ], [ 102.51439526200005, 2.323807157000033 ], [ 102.509746373000041, 2.318000813000026 ], [ 102.509165262000067, 2.313355720000061 ], [ 102.506840818000057, 2.304065489000038 ], [ 102.501610817000085, 2.295355843000038 ], [ 102.499286373000075, 2.276194434000047 ], [ 102.49812415100007, 2.270387896000045 ], [ 102.496961928000076, 2.262839362000022 ], [ 102.495799706000071, 2.254710127000067 ], [ 102.494637484000066, 2.250064830000042 ], [ 102.491150817000062, 2.247161512000048 ], [ 102.489988595000057, 2.243096856000022 ], [ 102.496380817000045, 2.236128849000067 ], [ 102.496961928000076, 2.230322152000042 ], [ 102.496380817000045, 2.225096104000045 ], [ 102.492313039000067, 2.21928936300003 ], [ 102.486501928000052, 2.214063276000047 ], [ 102.484177484000043, 2.212321243000076 ], [ 102.473717483000087, 2.204772410000032 ], [ 102.469649705000052, 2.202449685000033 ], [ 102.470811928000046, 2.195481486000062 ], [ 102.477785261000065, 2.189093943000046 ], [ 102.474902950000057, 2.184522767000033 ], [ 102.476093065000043, 2.182382115000053 ], [ 102.479425389000085, 2.181906414000025 ], [ 102.481329574000085, 2.180241459000058 ], [ 102.483233759000086, 2.178814353000064 ], [ 102.487518175000048, 2.179052204000072 ], [ 102.490850499000032, 2.182382115000053 ], [ 102.494182822000084, 2.182857815000034 ], [ 102.492992707000042, 2.18000360800005 ], [ 102.493706776000067, 2.175722287000042 ], [ 102.494420846000082, 2.174295177000033 ], [ 102.496325031000083, 2.174295177000033 ], [ 102.502037585000039, 2.174533028000042 ], [ 102.504179793000048, 2.170965249000062 ], [ 102.505607932000032, 2.167635313000062 ], [ 102.507274094000081, 2.167159607000031 ], [ 102.51203455600006, 2.166921755000033 ], [ 102.514176764000069, 2.169062429000064 ], [ 102.515842926000062, 2.169062429000064 ], [ 102.517033042000037, 2.165256783000075 ], [ 102.521079435000047, 2.164305370000022 ], [ 102.523221643000056, 2.16573248900005 ], [ 102.525363851000066, 2.166921755000033 ], [ 102.525125828000057, 2.165256783000075 ], [ 102.529410244000076, 2.166683902000045 ], [ 102.531314429000076, 2.163829664000048 ], [ 102.530838383000059, 2.159786150000059 ], [ 102.534408729000063, 2.159548296000025 ], [ 102.533932683000046, 2.155266917000063 ], [ 102.532028498000045, 2.154077643000051 ], [ 102.532266521000054, 2.150509815000021 ], [ 102.534884776000069, 2.14860697000006 ], [ 102.534884776000069, 2.148131258000035 ], [ 102.535836868000047, 2.144087704000071 ], [ 102.536312914000064, 2.142898421000041 ], [ 102.539169192000088, 2.140281995000066 ], [ 102.53940721500004, 2.137903423000068 ], [ 102.538693146000071, 2.135286989000065 ], [ 102.53678896100007, 2.134335557000043 ], [ 102.534408729000063, 2.131956975000037 ], [ 102.531790475000037, 2.131481258000065 ], [ 102.530124313000044, 2.130767683000045 ], [ 102.533932683000046, 2.127675519000036 ], [ 102.533456637000086, 2.12577264500004 ], [ 102.530362336000053, 2.123869770000056 ], [ 102.530362336000053, 2.120777592000024 ], [ 102.530362336000053, 2.120064011000068 ], [ 102.527506059000075, 2.120539732000054 ], [ 102.525601874000074, 2.119588291000071 ], [ 102.523697689000073, 2.11839898900007 ], [ 102.521317458000055, 2.11839898900007 ], [ 102.519651296000063, 2.116258244000051 ], [ 102.515366880000045, 2.114117495000073 ], [ 102.515366880000045, 2.116496104000021 ], [ 102.516318972000079, 2.120539732000054 ], [ 102.512986649000084, 2.121253312000022 ], [ 102.506798048000064, 2.121253312000022 ], [ 102.50536990900008, 2.125296927000022 ], [ 102.504179793000048, 2.127437660000055 ], [ 102.502275608000048, 2.126010505000067 ], [ 102.504179793000048, 2.123156191000021 ], [ 102.504893863000063, 2.121015452000051 ], [ 102.502513632000046, 2.119112570000027 ], [ 102.498229215000038, 2.119826151000041 ], [ 102.497039100000052, 2.119826151000041 ], [ 102.491764508000074, 2.121234283000035 ], [ 102.490545829000041, 2.120929822000051 ], [ 102.490088825000043, 2.11895082500007 ], [ 102.488565477000066, 2.11803744100007 ], [ 102.486280455000042, 2.117732980000028 ], [ 102.485214111000062, 2.116515133000064 ], [ 102.482624420000036, 2.114992824000069 ], [ 102.48247208500004, 2.113470513000038 ], [ 102.484604772000068, 2.110882581000055 ], [ 102.485975785000051, 2.11149150600005 ], [ 102.485366446000057, 2.113927206000028 ], [ 102.48673745900004, 2.112861588000044 ], [ 102.488260807000074, 2.113622744000054 ], [ 102.489936490000048, 2.111643738000055 ], [ 102.491612173000078, 2.110882581000055 ], [ 102.49298318600006, 2.11042588600003 ], [ 102.49298318600006, 2.109208034000062 ], [ 102.493440190000058, 2.106924559000049 ], [ 102.49298318600006, 2.105706704000056 ], [ 102.492373847000067, 2.105402240000046 ], [ 102.491002834000085, 2.10722902200007 ], [ 102.488870146000068, 2.106467863000034 ], [ 102.488260807000074, 2.105554472000051 ], [ 102.488870146000068, 2.10342322300005 ], [ 102.488717812000061, 2.100226345000067 ], [ 102.488608813000042, 2.100252752000074 ], [ 102.491155168000034, 2.097029460000044 ], [ 102.493440190000058, 2.095507131000033 ], [ 102.495877547000077, 2.094137034000028 ], [ 102.499381247000088, 2.092158003000065 ], [ 102.504408296000065, 2.090026736000027 ], [ 102.510044683000046, 2.086829830000056 ], [ 102.51933710600008, 2.080131530000074 ], [ 102.528629528000067, 2.071606380000048 ], [ 102.533351907000053, 2.067800495000029 ], [ 102.547062038000035, 2.082567279000045 ], [ 102.549042391000057, 2.081349405000026 ], [ 102.551632082000083, 2.081501640000056 ], [ 102.552850761000059, 2.082415045000062 ], [ 102.554863841000042, 2.084845438000059 ], [ 102.560070597000049, 2.08447377300007 ], [ 102.56416161900006, 2.082615447000023 ], [ 102.566393086000062, 2.08447377300007 ], [ 102.568252642000061, 2.089677075000054 ], [ 102.570484108000073, 2.096367009000062 ], [ 102.570856019000075, 2.103056914000035 ], [ 102.573087486000077, 2.105658537000068 ], [ 102.57755042000008, 2.103428575000066 ], [ 102.580525709000085, 2.10008362700006 ], [ 102.586476287000039, 2.093022046000044 ], [ 102.590195398000048, 2.089305411000055 ], [ 102.595030242000064, 2.090048739000054 ], [ 102.600608909000073, 2.093765371000075 ], [ 102.603212287000076, 2.098596981000071 ], [ 102.600608909000073, 2.104171896000025 ], [ 102.59428642000006, 2.105658537000068 ], [ 102.585732464000046, 2.103800236000041 ], [ 102.581269531000032, 2.107888495000054 ], [ 102.586476287000039, 2.116808297000034 ], [ 102.589079664000053, 2.122011490000034 ], [ 102.586848198000041, 2.125356392000072 ], [ 102.587220109000043, 2.130187903000035 ], [ 102.593542598000056, 2.132789479000053 ], [ 102.596889798000063, 2.135391051000056 ], [ 102.598377442000071, 2.138364271000057 ], [ 102.595030242000064, 2.143195741000056 ], [ 102.599493176000067, 2.145425646000035 ], [ 102.600608909000073, 2.149885444000063 ], [ 102.608047132000081, 2.151000392000071 ], [ 102.62069211000005, 2.146912247000046 ], [ 102.623667399000055, 2.139850879000051 ], [ 102.616229176000047, 2.136506010000062 ], [ 102.610650509000038, 2.13724931400003 ], [ 102.604699932000074, 2.124613081000064 ], [ 102.606559487000084, 2.116808297000034 ], [ 102.613625798000044, 2.116436639000028 ], [ 102.617344910000043, 2.121639834000064 ], [ 102.621064021000052, 2.128329631000042 ], [ 102.627758421000067, 2.131302865000066 ], [ 102.637800021000032, 2.127957976000062 ], [ 102.644122510000045, 2.130559557000026 ], [ 102.645982066000045, 2.135019398000054 ], [ 102.641519133000088, 2.139850879000051 ], [ 102.637056199000085, 2.142824090000033 ], [ 102.63408091000008, 2.145797296000069 ], [ 102.63408091000008, 2.151743690000046 ], [ 102.636684288000083, 2.155088526000043 ], [ 102.642634866000037, 2.158061708000048 ], [ 102.648585444000048, 2.159548296000025 ], [ 102.652676466000059, 2.156946765000043 ], [ 102.654907933000061, 2.15025709300005 ], [ 102.657883222000066, 2.142452439000067 ], [ 102.66048660000007, 2.139479227000038 ], [ 102.665693356000077, 2.139479227000038 ], [ 102.670900111000037, 2.142452439000067 ], [ 102.677966423000044, 2.146912247000046 ], [ 102.681313623000051, 2.152115339000034 ], [ 102.686520378000068, 2.153230285000063 ], [ 102.692099045000077, 2.151743690000046 ], [ 102.697677712000086, 2.155831822000039 ], [ 102.702512557000034, 2.152115339000034 ], [ 102.706603579000046, 2.147283897000023 ], [ 102.710322690000055, 2.15025709300005 ], [ 102.71515753500006, 2.153601933000061 ], [ 102.715529446000062, 2.159548296000025 ], [ 102.714413713000056, 2.165122991000032 ], [ 102.71515753500006, 2.17404245900002 ], [ 102.721480024000073, 2.176643961000025 ], [ 102.731149713000036, 2.17961710000003 ], [ 102.737472202000049, 2.180732026000044 ], [ 102.742678958000056, 2.181475309000064 ], [ 102.746026158000063, 2.188536483000064 ], [ 102.747885714000063, 2.196340899000063 ], [ 102.75309246900008, 2.201172184000029 ], [ 102.759414958000036, 2.200057274000073 ], [ 102.767597003000049, 2.199685637000073 ], [ 102.774663314000065, 2.202287094000042 ], [ 102.779126248000068, 2.207861630000025 ], [ 102.786936381000032, 2.215665945000069 ], [ 102.79028358100004, 2.22607163400005 ], [ 102.785523119000061, 2.228524393000043 ], [ 102.781714749000059, 2.226859491000027 ], [ 102.777192310000032, 2.226145961000043 ], [ 102.773621963000039, 2.226859491000027 ], [ 102.771717778000038, 2.229475765000075 ], [ 102.773145917000079, 2.234232617000032 ], [ 102.780762657000082, 2.239465135000046 ], [ 102.786951258000045, 2.239227294000045 ], [ 102.801232645000084, 2.241130023000039 ], [ 102.805755084000054, 2.243508432000056 ], [ 102.808611362000079, 2.246124677000068 ], [ 102.81051554700008, 2.251594992000037 ], [ 102.810753570000088, 2.257065287000046 ], [ 102.803850899000054, 2.256589610000049 ], [ 102.797186252000074, 2.253973384000062 ], [ 102.794806021000056, 2.254924740000035 ], [ 102.793377882000073, 2.258967994000045 ], [ 102.793615905000081, 2.26253556100005 ], [ 102.798852414000066, 2.267767978000052 ], [ 102.807183223000038, 2.271335524000051 ], [ 102.809801477000065, 2.27347604800002 ], [ 102.811943685000074, 2.27656790900005 ], [ 102.811467639000057, 2.280373268000062 ], [ 102.807659269000055, 2.282513779000055 ], [ 102.805517061000046, 2.277757085000076 ], [ 102.799566483000035, 2.279897599000037 ], [ 102.796710206000057, 2.28370294900003 ], [ 102.798614391000058, 2.289173123000069 ], [ 102.795758113000034, 2.291075787000068 ], [ 102.79218776600004, 2.294881107000037 ], [ 102.787189281000053, 2.301540394000028 ], [ 102.790045558000088, 2.304632195000067 ], [ 102.795282067000073, 2.304394364000075 ], [ 102.800280552000061, 2.302967380000041 ], [ 102.800518576000059, 2.305345686000067 ], [ 102.79837636700006, 2.308675309000023 ], [ 102.796710206000057, 2.314383216000067 ], [ 102.800518576000059, 2.326750268000069 ], [ 102.803374853000037, 2.331031145000054 ], [ 102.805517061000046, 2.335787660000051 ], [ 102.805755084000054, 2.340781984000046 ], [ 102.81051554700008, 2.338403737000021 ], [ 102.814323916000035, 2.335312009000063 ], [ 102.817180194000059, 2.33293375300002 ], [ 102.819560425000077, 2.334836358000075 ], [ 102.819798448000086, 2.33911721100003 ], [ 102.821940656000038, 2.341971106000074 ], [ 102.820512517000054, 2.343873699000028 ], [ 102.818846356000051, 2.347203231000037 ], [ 102.82313077200007, 2.348392347000072 ], [ 102.828605304000064, 2.348154524000051 ], [ 102.831461581000042, 2.348630170000035 ], [ 102.830747512000073, 2.354575737000062 ], [ 102.82765321100004, 2.356478313000025 ], [ 102.82717716500008, 2.359807815000067 ], [ 102.82765321100004, 2.362661667000054 ], [ 102.827891234000049, 2.365753334000033 ], [ 102.826463095000065, 2.367655894000052 ], [ 102.825682380000046, 2.371327829000052 ], [ 102.824159032000068, 2.371327829000052 ], [ 102.822331014000042, 2.369044762000044 ], [ 102.821264671000051, 2.372241055000075 ], [ 102.820198327000071, 2.372393259000035 ], [ 102.818674979000036, 2.370871216000069 ], [ 102.817760970000052, 2.371023420000029 ], [ 102.81745630100005, 2.372697667000068 ], [ 102.815475948000085, 2.372697667000068 ], [ 102.812886257000059, 2.371632238000075 ], [ 102.811210574000086, 2.371784442000035 ], [ 102.809991896000042, 2.372545463000051 ], [ 102.808468548000064, 2.373763096000062 ], [ 102.805269517000056, 2.374067504000038 ], [ 102.804355508000071, 2.375437340000076 ], [ 102.803746169000078, 2.37665497100005 ], [ 102.801918151000052, 2.378481415000067 ], [ 102.800394804000064, 2.380003449000071 ], [ 102.801461147000055, 2.381221076000031 ], [ 102.801156478000053, 2.382286498000042 ], [ 102.802679825000041, 2.383199717000025 ], [ 102.803441499000087, 2.381677686000046 ], [ 102.804660178000063, 2.380155653000031 ], [ 102.805574187000047, 2.379546839000056 ], [ 102.805726521000054, 2.380460059000029 ], [ 102.806031191000045, 2.381677686000046 ], [ 102.807706874000075, 2.381982092000044 ], [ 102.808316213000069, 2.382743108000057 ], [ 102.806640530000038, 2.383047514000054 ], [ 102.806792865000034, 2.384265138000046 ], [ 102.807859209000071, 2.384873949000053 ], [ 102.809534891000055, 2.386243774000036 ], [ 102.808468548000064, 2.386395977000063 ], [ 102.806183526000041, 2.385939369000027 ], [ 102.805726521000054, 2.387461395000059 ], [ 102.806335861000036, 2.388831218000064 ], [ 102.807859209000071, 2.390505443000052 ], [ 102.80755453900008, 2.391723060000061 ], [ 102.804812513000059, 2.391114252000023 ], [ 102.803136830000085, 2.391266454000061 ], [ 102.801918151000052, 2.392788475000032 ], [ 102.800394804000064, 2.394462695000072 ], [ 102.799633130000075, 2.39644131700004 ], [ 102.800090134000072, 2.398572137000031 ], [ 102.798414451000042, 2.398724339000069 ], [ 102.795977094000079, 2.396136914000067 ], [ 102.793996742000047, 2.395071502000064 ], [ 102.791864055000076, 2.394767099000035 ], [ 102.788512689000072, 2.395375906000027 ], [ 102.785618328000055, 2.396897922000051 ], [ 102.783790311000075, 2.397354526000072 ], [ 102.781962293000049, 2.397811131000026 ], [ 102.779677271000082, 2.398572137000031 ], [ 102.777239915000052, 2.399941949000038 ], [ 102.777638603000071, 2.404443172000072 ], [ 102.776150959000063, 2.40853058700003 ], [ 102.772431848000053, 2.410760080000045 ], [ 102.769456559000048, 2.414475895000066 ], [ 102.764249803000041, 2.414847476000034 ], [ 102.75123291400007, 2.413361151000061 ], [ 102.744910425000057, 2.410388498000032 ], [ 102.740447491000054, 2.409645334000061 ], [ 102.734868824000046, 2.410388498000032 ], [ 102.729662069000085, 2.411503244000073 ], [ 102.725942957000086, 2.414104314000042 ], [ 102.722967668000081, 2.417076959000042 ], [ 102.719248557000071, 2.421164335000071 ], [ 102.714785624000058, 2.428595897000037 ], [ 102.710322690000055, 2.424136965000059 ], [ 102.70548784600004, 2.419306438000035 ], [ 102.699909179000088, 2.415962218000061 ], [ 102.701396823000039, 2.410760080000045 ], [ 102.696933890000082, 2.411503244000073 ], [ 102.693586690000075, 2.41187482600003 ], [ 102.689867578000076, 2.408159004000026 ], [ 102.687636112000064, 2.40555792300006 ], [ 102.68689229000006, 2.402585253000041 ], [ 102.687264201000062, 2.398126235000063 ], [ 102.683173178000061, 2.397011478000024 ], [ 102.681685534000053, 2.399240991000056 ], [ 102.67536304500004, 2.404071589000068 ], [ 102.670900111000037, 2.40667267300006 ], [ 102.669040556000084, 2.410388498000032 ], [ 102.670156289000033, 2.415219056000069 ], [ 102.669040556000084, 2.420049598000048 ], [ 102.664949533000083, 2.418563279000068 ], [ 102.65862704400007, 2.415590637000037 ], [ 102.654907933000061, 2.408902169000044 ], [ 102.632593266000072, 2.429710628000066 ], [ 102.630733710000072, 2.433797966000043 ], [ 102.63036179900007, 2.439371589000075 ], [ 102.628874154000073, 2.443458898000074 ], [ 102.624783132000061, 2.446059907000063 ], [ 102.624783132000061, 2.449404053000023 ], [ 102.626642688000061, 2.452748190000023 ], [ 102.628130332000069, 2.456835459000047 ], [ 102.63036179900007, 2.46129428200004 ], [ 102.632965177000074, 2.464638390000061 ], [ 102.631105621000074, 2.48210192800002 ], [ 102.614015727000037, 2.482204927000055 ], [ 102.615574613000035, 2.477999875000023 ], [ 102.616526705000069, 2.47467066400003 ], [ 102.616526705000069, 2.471579245000044 ], [ 102.614146474000052, 2.469201226000052 ], [ 102.611528220000082, 2.468012215000044 ], [ 102.60771985000008, 2.466109795000023 ], [ 102.605577642000071, 2.464682978000042 ], [ 102.605101596000054, 2.461829340000065 ], [ 102.605101596000054, 2.459213500000033 ], [ 102.602245318000087, 2.458737892000045 ], [ 102.599865087000069, 2.458024480000063 ], [ 102.597484856000051, 2.455408632000058 ], [ 102.596056717000067, 2.453743999000039 ], [ 102.595818694000059, 2.450890337000033 ], [ 102.595818694000059, 2.448274475000062 ], [ 102.594628578000084, 2.445182996000028 ], [ 102.592724393000083, 2.442329316000041 ], [ 102.592962417000081, 2.439713437000023 ], [ 102.594152532000066, 2.437335362000056 ], [ 102.594152532000066, 2.434006049000061 ], [ 102.592486370000074, 2.430914536000046 ], [ 102.59153427800004, 2.429012063000073 ], [ 102.59105823200008, 2.42592054000005 ], [ 102.59153427800004, 2.423304629000029 ], [ 102.592010324000057, 2.421639957000025 ], [ 102.594152532000066, 2.42068871400005 ], [ 102.595104625000033, 2.419975282000053 ], [ 102.594152532000066, 2.416408114000035 ], [ 102.593438463000041, 2.414981245000035 ], [ 102.593914509000058, 2.410760080000045 ] ] ] } },
{ "type": "Feature", "properties": { "code": "MR", "district": "Muar", "dosm_name": "Muar", "geo_name": "Muar" }, "geometry": { "type": "Polygon", "coordinates": [ [ [ 102.825682380000046, 2.371327829000052 ], [ 102.826463095000065, 2.367655894000052 ], [ 102.827891234000049, 2.365753334000033 ], [ 102.82765321100004, 2.362661667000054 ], [ 102.82717716500008, 2.359807815000067 ], [ 102.82765321100004, 2.356478313000025 ], [ 102.830747512000073, 2.354575737000062 ], [ 102.831461581000042, 2.348630170000035 ], [ 102.828605304000064, 2.348154524000051 ], [ 102.82313077200007, 2.348392347000072 ], [ 102.818846356000051, 2.347203231000037 ], [ 102.820512517000054, 2.343873699000028 ], [ 102.821940656000038, 2.341971106000074 ], [ 102.819798448000086, 2.33911721100003 ], [ 102.819560425000077, 2.334836358000075 ], [ 102.817180194000059, 2.33293375300002 ], [ 102.814323916000035, 2.335312009000063 ], [ 102.81051554700008, 2.338403737000021 ], [ 102.805755084000054, 2.340781984000046 ], [ 102.805517061000046, 2.335787660000051 ], [ 102.803374853000037, 2.331031145000054 ], [ 102.800518576000059, 2.326750268000069 ], [ 102.796710206000057, 2.314383216000067 ], [ 102.79837636700006, 2.308675309000023 ], [ 102.800518576000059, 2.305345686000067 ], [ 102.800280552000061, 2.302967380000041 ], [ 102.795282067000073, 2.304394364000075 ], [ 102.790045558000088, 2.304632195000067 ], [ 102.787189281000053, 2.301540394000028 ], [ 102.79218776600004, 2.294881107000037 ], [ 102.795758113000034, 2.291075787000068 ], [ 102.798614391000058, 2.289173123000069 ], [ 102.796710206000057, 2.28370294900003 ], [ 102.799566483000035, 2.279897599000037 ], [ 102.805517061000046, 2.277757085000076 ], [ 102.807659269000055, 2.282513779000055 ], [ 102.811467639000057, 2.280373268000062 ], [ 102.811943685000074, 2.27656790900005 ], [ 102.809801477000065, 2.27347604800002 ], [ 102.807183223000038, 2.271335524000051 ], [ 102.798852414000066, 2.267767978000052 ], [ 102.793615905000081, 2.26253556100005 ], [ 102.793377882000073, 2.258967994000045 ], [ 102.794806021000056, 2.254924740000035 ], [ 102.797186252000074, 2.253973384000062 ], [ 102.803850899000054, 2.256589610000049 ], [ 102.810753570000088, 2.257065287000046 ], [ 102.81051554700008, 2.251594992000037 ], [ 102.808611362000079, 2.246124677000068 ], [ 102.805755084000054, 2.243508432000056 ], [ 102.801232645000084, 2.241130023000039 ], [ 102.786951258000045, 2.239227294000045 ], [ 102.780762657000082, 2.239465135000046 ], [ 102.773145917000079, 2.234232617000032 ], [ 102.771717778000038, 2.229475765000075 ], [ 102.773621963000039, 2.226859491000027 ], [ 102.777192310000032, 2.226145961000043 ], [ 102.781714749000059, 2.226859491000027 ], [ 102.785523119000061, 2.228524393000043 ], [ 102.79028358100004, 2.22607163400005 ], [ 102.786936381000032, 2.215665945000069 ], [ 102.779126248000068, 2.207861630000025 ], [ 102.774663314000065, 2.202287094000042 ], [ 102.767597003000049, 2.199685637000073 ], [ 102.759414958000036, 2.200057274000073 ], [ 102.75309246900008, 2.201172184000029 ], [ 102.747885714000063, 2.196340899000063 ], [ 102.746026158000063, 2.188536483000064 ], [ 102.742678958000056, 2.181475309000064 ], [ 102.737472202000049, 2.180732026000044 ], [ 102.731149713000036, 2.17961710000003 ], [ 102.721480024000073, 2.176643961000025 ], [ 102.71515753500006, 2.17404245900002 ], [ 102.714413713000056, 2.165122991000032 ], [ 102.715529446000062, 2.159548296000025 ], [ 102.71515753500006, 2.153601933000061 ], [ 102.710322690000055, 2.15025709300005 ], [ 102.706603579000046, 2.147283897000023 ], [ 102.702512557000034, 2.152115339000034 ], [ 102.697677712000086, 2.155831822000039 ], [ 102.692099045000077, 2.151743690000046 ], [ 102.686520378000068, 2.153230285000063 ], [ 102.681313623000051, 2.152115339000034 ], [ 102.677966423000044, 2.146912247000046 ], [ 102.670900111000037, 2.142452439000067 ], [ 102.665693356000077, 2.139479227000038 ], [ 102.66048660000007, 2.139479227000038 ], [ 102.657883222000066, 2.142452439000067 ], [ 102.654907933000061, 2.15025709300005 ], [ 102.652676466000059, 2.156946765000043 ], [ 102.648585444000048, 2.159548296000025 ], [ 102.642634866000037, 2.158061708000048 ], [ 102.636684288000083, 2.155088526000043 ], [ 102.63408091000008, 2.151743690000046 ], [ 102.63408091000008, 2.145797296000069 ], [ 102.637056199000085, 2.142824090000033 ], [ 102.641519133000088, 2.139850879000051 ], [ 102.645982066000045, 2.135019398000054 ], [ 102.644122510000045, 2.130559557000026 ], [ 102.637800021000032, 2.127957976000062 ], [ 102.627758421000067, 2.131302865000066 ], [ 102.621064021000052, 2.128329631000042 ], [ 102.617344910000043, 2.121639834000064 ], [ 102.613625798000044, 2.116436639000028 ], [ 102.606559487000084, 2.116808297000034 ], [ 102.604699932000074, 2.124613081000064 ], [ 102.610650509000038, 2.13724931400003 ], [ 102.616229176000047, 2.136506010000062 ], [ 102.623667399000055, 2.139850879000051 ], [ 102.62069211000005, 2.146912247000046 ], [ 102.608047132000081, 2.151000392000071 ], [ 102.600608909000073, 2.149885444000063 ], [ 102.599493176000067, 2.145425646000035 ], [ 102.595030242000064, 2.143195741000056 ], [ 102.598377442000071, 2.138364271000057 ], [ 102.596889798000063, 2.135391051000056 ], [ 102.593542598000056, 2.132789479000053 ], [ 102.587220109000043, 2.130187903000035 ], [ 102.586848198000041, 2.125356392000072 ], [ 102.589079664000053, 2.122011490000034 ], [ 102.586476287000039, 2.116808297000034 ], [ 102.581269531000032, 2.107888495000054 ], [ 102.585732464000046, 2.103800236000041 ], [ 102.59428642000006, 2.105658537000068 ], [ 102.600608909000073, 2.104171896000025 ], [ 102.603212287000076, 2.098596981000071 ], [ 102.600608909000073, 2.093765371000075 ], [ 102.595030242000064, 2.090048739000054 ], [ 102.590195398000048, 2.089305411000055 ], [ 102.586476287000039, 2.093022046000044 ], [ 102.580525709000085, 2.10008362700006 ], [ 102.57755042000008, 2.103428575000066 ], [ 102.573087486000077, 2.105658537000068 ], [ 102.570856019000075, 2.103056914000035 ], [ 102.570484108000073, 2.096367009000062 ], [ 102.568252642000061, 2.089677075000054 ], [ 102.566393086000062, 2.08447377300007 ], [ 102.56416161900006, 2.082615447000023 ], [ 102.560070597000049, 2.08447377300007 ], [ 102.554863841000042, 2.084845438000059 ], [ 102.552850761000059, 2.082415045000062 ], [ 102.551632082000083, 2.081501640000056 ], [ 102.549042391000057, 2.081349405000026 ], [ 102.547062038000035, 2.082567279000045 ], [ 102.533351907000053, 2.067800495000029 ], [ 102.533275793000087, 2.067861837000066 ], [ 102.537639707000039, 2.060756721000075 ], [ 102.546356374000084, 2.059014514000069 ], [ 102.552167486000087, 2.057853042000033 ], [ 102.558559708000075, 2.056110832000059 ], [ 102.564370819000032, 2.051464929000076 ], [ 102.563208597000084, 2.047980493000068 ], [ 102.558559708000075, 2.046819013000061 ], [ 102.544613041000048, 2.042173083000023 ], [ 102.543450819000043, 2.036946396000076 ], [ 102.546937485000058, 2.027073719000043 ], [ 102.557978597000044, 2.017781733000049 ], [ 102.571925264000072, 2.00442441000007 ], [ 102.582966375000069, 1.99513229400003 ], [ 102.598075265000034, 1.981774787000063 ], [ 102.606210820000058, 1.971901777000028 ], [ 102.617251932000045, 1.962609479000037 ], [ 102.628874154000073, 1.952736356000059 ], [ 102.636428599000055, 1.943443951000063 ], [ 102.642239710000069, 1.935313056000041 ], [ 102.653280822000056, 1.914985646000048 ], [ 102.669551933000037, 1.892334820000031 ], [ 102.678268600000081, 1.877814904000047 ], [ 102.697445268000081, 1.864456475000054 ], [ 102.706743046000042, 1.854001981000067 ], [ 102.71778415700004, 1.854582788000073 ], [ 102.722433046000049, 1.860971651000057 ], [ 102.729406380000057, 1.866198885000074 ], [ 102.737541935000081, 1.869102897000062 ], [ 102.749164158000042, 1.86852209500006 ], [ 102.761367492000034, 1.866779687000076 ], [ 102.775895270000035, 1.866779687000076 ], [ 102.776476381000066, 1.866779687000076 ], [ 102.778754337000066, 1.879673460000049 ], [ 102.779870070000072, 1.888222792000022 ], [ 102.779870070000072, 1.891196463000028 ], [ 102.782845359000078, 1.89454183700002 ], [ 102.786192559000085, 1.900489152000034 ], [ 102.794746515000043, 1.920189486000027 ], [ 102.798465626000052, 1.944349963000036 ], [ 102.798837537000054, 1.948438625000051 ], [ 102.799209448000056, 1.953642362000039 ], [ 102.799953271000049, 1.958846083000026 ], [ 102.804044293000061, 1.964793173000032 ], [ 102.815201627000079, 1.983377693000023 ], [ 102.825987049000048, 1.997130104000064 ], [ 102.833425272000056, 2.012369126000067 ], [ 102.840491583000073, 2.020546104000061 ], [ 102.849417450000033, 2.033183171000076 ], [ 102.853508472000044, 2.036528261000058 ], [ 102.857227583000054, 2.040245019000054 ], [ 102.862062428000058, 2.043961768000031 ], [ 102.867641095000067, 2.048050182000054 ], [ 102.872475939000083, 2.051766913000051 ], [ 102.874335495000082, 2.05622697900003 ], [ 102.874335495000082, 2.061058703000072 ], [ 102.873219762000076, 2.065147074000038 ], [ 102.871360206000077, 2.070350439000038 ], [ 102.868384917000071, 2.076297122000028 ], [ 102.869128739000075, 2.080757119000054 ], [ 102.873219762000076, 2.08670376200007 ], [ 102.880657984000038, 2.082987112000069 ], [ 102.886980473000051, 2.082615447000023 ], [ 102.964720067000087, 2.204046559000062 ], [ 102.968562897000083, 2.213778048000052 ], [ 103.023546237000062, 2.30201605600007 ], [ 102.979988007000088, 2.332458101000043 ], [ 102.976655683000047, 2.332695927000032 ], [ 102.970229059000076, 2.33293375300002 ], [ 102.964278481000065, 2.333647230000054 ], [ 102.958565926000063, 2.337214611000036 ], [ 102.954995579000069, 2.341257633000055 ], [ 102.953091394000069, 2.346727584000064 ], [ 102.949045001000059, 2.350294932000054 ], [ 102.941904308000062, 2.353148803000067 ], [ 102.938810007000086, 2.35600266900002 ], [ 102.934287568000059, 2.363137308000034 ], [ 102.923576528000069, 2.374790473000076 ], [ 102.919768158000068, 2.379784657000073 ], [ 102.919768158000068, 2.38406537100002 ], [ 102.915007695000043, 2.386919173000024 ], [ 102.913103510000042, 2.389772970000024 ], [ 102.908581071000071, 2.39310239100007 ], [ 102.905962817000045, 2.395718359000057 ], [ 102.901202355000066, 2.39643180500002 ], [ 102.899774216000083, 2.392388944000061 ], [ 102.895489800000064, 2.392626760000041 ], [ 102.892157476000079, 2.396193990000029 ], [ 102.890729337000039, 2.39904776700007 ], [ 102.887158991000035, 2.399285581000072 ], [ 102.883588644000042, 2.40261497900002 ], [ 102.881446436000033, 2.405944370000043 ], [ 102.881684459000041, 2.408084687000041 ], [ 102.881684459000041, 2.41070062700004 ], [ 102.878114112000048, 2.411414064000041 ], [ 102.874305742000047, 2.411414064000041 ], [ 102.868355164000036, 2.414267809000023 ], [ 102.866450979000035, 2.41188968900002 ], [ 102.863832725000066, 2.409273752000047 ], [ 102.860024355000064, 2.410938440000052 ], [ 102.860738424000033, 2.412840938000045 ], [ 102.860500401000081, 2.414743433000069 ], [ 102.857644124000046, 2.413554374000057 ], [ 102.854473656000039, 2.408465188000037 ], [ 102.853407312000058, 2.406790985000043 ], [ 102.853407312000058, 2.403594772000076 ], [ 102.851883964000081, 2.402072764000025 ], [ 102.849446608000051, 2.403290371000026 ], [ 102.849446608000051, 2.400855155000045 ], [ 102.847466255000086, 2.399789748000046 ], [ 102.847923260000073, 2.397202325000023 ], [ 102.849446608000051, 2.395071502000064 ], [ 102.850360617000035, 2.392788475000032 ], [ 102.849446608000051, 2.390201039000033 ], [ 102.84838026400007, 2.388374610000028 ], [ 102.846856916000036, 2.387004787000023 ], [ 102.845333568000058, 2.388070205000076 ], [ 102.843200881000087, 2.387918003000038 ], [ 102.84381022000008, 2.385330558000021 ], [ 102.843048546000034, 2.383351920000052 ], [ 102.841829868000048, 2.384721746000025 ], [ 102.840154185000074, 2.387461395000059 ], [ 102.838935507000087, 2.385482760000059 ], [ 102.838173833000042, 2.382743108000057 ], [ 102.838173833000042, 2.380764466000073 ], [ 102.839544846000081, 2.377872600000046 ], [ 102.839544846000081, 2.376350563000074 ], [ 102.838173833000042, 2.374980728000025 ], [ 102.835431807000077, 2.374980728000025 ], [ 102.833451454000055, 2.375437340000076 ], [ 102.831928106000078, 2.37665497100005 ], [ 102.830861763000087, 2.378785822000054 ], [ 102.829490750000048, 2.380155653000031 ], [ 102.827510397000083, 2.377415989000042 ], [ 102.827205728000081, 2.374828524000065 ], [ 102.827205728000081, 2.372849871000028 ], [ 102.825682380000046, 2.371327829000052 ] ] ] } },
{ "type": "Feature", "properties": { "code": "BP", "district": "Batu Pahat", "dosm_name": "Batu Pahat", "geo_name": "Batu Pahat" }, "geometry": { "type": "Polygon", "coordinates": [ [ [ 102.964720067000087, 2.204046559000062 ], [ 102.886980473000051, 2.082615447000023 ], [ 102.880657984000038, 2.082987112000069 ], [ 102.873219762000076, 2.08670376200007 ], [ 102.869128739000075, 2.080757119000054 ], [ 102.868384917000071, 2.076297122000028 ], [ 102.871360206000077, 2.070350439000038 ], [ 102.873219762000076, 2.065147074000038 ], [ 102.874335495000082, 2.061058703000072 ], [ 102.874335495000082, 2.05622697900003 ], [ 102.872475939000083, 2.051766913000051 ], [ 102.867641095000067, 2.048050182000054 ], [ 102.862062428000058, 2.043961768000031 ], [ 102.857227583000054, 2.040245019000054 ], [ 102.853508472000044, 2.036528261000058 ], [ 102.849417450000033, 2.033183171000076 ], [ 102.840491583000073, 2.020546104000061 ], [ 102.833425272000056, 2.012369126000067 ], [ 102.825987049000048, 1.997130104000064 ], [ 102.815201627000079, 1.983377693000023 ], [ 102.804044293000061, 1.964793173000032 ], [ 102.799953271000049, 1.958846083000026 ], [ 102.799209448000056, 1.953642362000039 ], [ 102.798837537000054, 1.948438625000051 ], [ 102.798465626000052, 1.944349963000036 ], [ 102.794746515000043, 1.920189486000027 ], [ 102.786192559000085, 1.900489152000034 ], [ 102.782845359000078, 1.89454183700002 ], [ 102.779870070000072, 1.891196463000028 ], [ 102.779870070000072, 1.888222792000022 ], [ 102.778754337000066, 1.879673460000049 ], [ 102.776476381000066, 1.866779687000076 ], [ 102.775895270000035, 1.866779687000076 ], [ 102.789260826000032, 1.866198885000074 ], [ 102.795653048000077, 1.865037278000045 ], [ 102.807275271000037, 1.861552455000037 ], [ 102.815991938000082, 1.858067625000047 ], [ 102.824127494000038, 1.853421174000061 ], [ 102.834587494000061, 1.848774711000033 ], [ 102.842141939000044, 1.844709046000048 ], [ 102.849696383000037, 1.839481749000072 ], [ 102.865386384000033, 1.82844629300007 ], [ 102.877589717000035, 1.821476497000049 ], [ 102.885725273000048, 1.816829950000056 ], [ 102.889793051000083, 1.820895679000046 ], [ 102.895604162000041, 1.823218948000033 ], [ 102.894441940000036, 1.816829950000056 ], [ 102.893279718000088, 1.80695600100006 ], [ 102.893279718000088, 1.799405297000021 ], [ 102.886887495000053, 1.793597042000044 ], [ 102.888630829000078, 1.785465454000075 ], [ 102.89792860700004, 1.775010502000043 ], [ 102.907226385000058, 1.764555491000067 ], [ 102.94093083000007, 1.741321924000033 ], [ 102.950809720000052, 1.742483610000022 ], [ 102.958945275000076, 1.744806978000042 ], [ 102.968824165000058, 1.744806978000042 ], [ 102.97870305400005, 1.743645294000032 ], [ 102.988581943000042, 1.740741082000056 ], [ 102.99962305400004, 1.738417708000043 ], [ 103.011826388000088, 1.734351798000034 ], [ 103.029840833000037, 1.728543340000044 ], [ 103.039719722000086, 1.720992318000071 ], [ 103.056571945000087, 1.713441266000075 ], [ 103.075167501000067, 1.70356676900002 ], [ 103.086208612000064, 1.694273078000037 ], [ 103.100736391000055, 1.680332458000066 ], [ 103.129791947000058, 1.655936134000058 ], [ 103.18499750400008, 1.623407236000048 ], [ 103.18711274900005, 1.626520739000057 ], [ 103.188228482000056, 1.630238348000034 ], [ 103.19083186000006, 1.630238348000034 ], [ 103.193807149000065, 1.629123066000034 ], [ 103.196782438000071, 1.627636023000036 ], [ 103.20050154900008, 1.62837954500003 ], [ 103.201617283000076, 1.63209715000005 ], [ 103.201989194000078, 1.637301787000069 ], [ 103.200873460000082, 1.642134652000038 ], [ 103.199385816000074, 1.646223990000067 ], [ 103.199013905000072, 1.651056833000041 ], [ 103.197898171000077, 1.655889665000075 ], [ 103.196038616000067, 1.659607219000065 ], [ 103.193435238000063, 1.672246853000047 ], [ 103.196038616000067, 1.691206150000028 ], [ 103.196038616000067, 1.697525875000053 ], [ 103.197526260000075, 1.702730338000038 ], [ 103.203104927000084, 1.719087132000027 ], [ 103.204220660000033, 1.724663280000073 ], [ 103.207195949000038, 1.728380703000028 ], [ 103.213890350000042, 1.735072046000028 ], [ 103.216121816000054, 1.739161188000026 ], [ 103.217981372000054, 1.745109015000025 ], [ 103.220212839000055, 1.751800299000024 ], [ 103.227239066768846, 1.766215760473978 ], [ 103.225592706000043, 1.766968981000048 ], [ 103.18897230400006, 1.781539046000034 ], [ 103.189344216000052, 1.85551207900005 ], [ 103.19083186000006, 1.859972666000033 ], [ 103.193063327000061, 1.863318100000072 ], [ 103.193063327000061, 1.86852209500006 ], [ 103.196782438000071, 1.865548385000068 ], [ 103.20050154900008, 1.87000894800002 ], [ 103.189344216000052, 1.877814904000047 ], [ 103.199757727000076, 1.89454183700002 ], [ 103.203476838000086, 1.899374032000026 ], [ 103.203848749000088, 1.903462802000035 ], [ 103.201245371000084, 1.906436446000043 ], [ 103.198270082000079, 1.908666676000053 ], [ 103.193435238000063, 1.908666676000053 ], [ 103.19083186000006, 1.912755424000068 ], [ 103.202733016000082, 1.930597118000037 ], [ 103.197526260000075, 1.936544308000066 ], [ 103.201245371000084, 1.94026129100007 ], [ 103.204964483000083, 1.943234872000062 ], [ 103.207939772000088, 1.946951840000054 ], [ 103.210171238000044, 1.952527277000058 ], [ 103.211286972000039, 1.957359308000036 ], [ 103.213890350000042, 1.961076245000072 ], [ 103.218353283000056, 1.962563017000036 ], [ 103.222072394000065, 1.964421481000045 ], [ 103.224303861000067, 1.968881786000054 ], [ 103.227279150000072, 1.972970388000022 ], [ 103.231370172000084, 1.976687290000029 ], [ 103.234345461000032, 1.977802359000066 ], [ 103.245974081000043, 1.982850788000064 ], [ 103.237138663000053, 1.996400411000025 ], [ 103.239924128000041, 1.998616844000026 ], [ 103.171120571000074, 2.098596981000071 ], [ 103.172980126000084, 2.125728047000052 ], [ 103.162938526000062, 2.140594183000076 ], [ 103.165169993000063, 2.144310694000069 ], [ 103.167401459000075, 2.148398846000021 ], [ 103.168517193000071, 2.150628743000027 ], [ 103.104549932000054, 2.171382884000025 ], [ 103.077310348000083, 2.171382884000025 ], [ 103.055518681000081, 2.168660879000072 ], [ 103.042806875000053, 2.170475549000059 ], [ 103.028279097000052, 2.17410488400003 ], [ 102.964720067000087, 2.204046559000062 ] ] ] } },
{ "type": "Feature", "properties": { "code": "KG", "district": "Kluang", "dosm_name": "Kluang", "geo_name": "Kluang" }, "geometry": { "type": "Polygon", "coordinates": [ [ [ 103.104549932000054, 2.171382884000025 ], [ 103.168517193000071, 2.150628743000027 ], [ 103.167401459000075, 2.148398846000021 ], [ 103.165169993000063, 2.144310694000069 ], [ 103.162938526000062, 2.140594183000076 ], [ 103.172980126000084, 2.125728047000052 ], [ 103.171120571000074, 2.098596981000071 ], [ 103.239924128000041, 1.998616844000026 ], [ 103.237138663000053, 1.996400411000025 ], [ 103.245974081000043, 1.982850788000064 ], [ 103.234345461000032, 1.977802359000066 ], [ 103.231370172000084, 1.976687290000029 ], [ 103.227279150000072, 1.972970388000022 ], [ 103.224303861000067, 1.968881786000054 ], [ 103.222072394000065, 1.964421481000045 ], [ 103.218353283000056, 1.962563017000036 ], [ 103.213890350000042, 1.961076245000072 ], [ 103.211286972000039, 1.957359308000036 ], [ 103.210171238000044, 1.952527277000058 ], [ 103.207939772000088, 1.946951840000054 ], [ 103.204964483000083, 1.943234872000062 ], [ 103.201245371000084, 1.94026129100007 ], [ 103.197526260000075, 1.936544308000066 ], [ 103.202733016000082, 1.930597118000037 ], [ 103.19083186000006, 1.912755424000068 ], [ 103.193435238000063, 1.908666676000053 ], [ 103.198270082000079, 1.908666676000053 ], [ 103.201245371000084, 1.906436446000043 ], [ 103.203848749000088, 1.903462802000035 ], [ 103.203476838000086, 1.899374032000026 ], [ 103.199757727000076, 1.89454183700002 ], [ 103.189344216000052, 1.877814904000047 ], [ 103.20050154900008, 1.87000894800002 ], [ 103.196782438000071, 1.865548385000068 ], [ 103.193063327000061, 1.86852209500006 ], [ 103.193063327000061, 1.863318100000072 ], [ 103.19083186000006, 1.859972666000033 ], [ 103.189344216000052, 1.85551207900005 ], [ 103.18897230400006, 1.781539046000034 ], [ 103.225592706000043, 1.766968981000048 ], [ 103.227239066768846, 1.766215760473978 ], [ 103.258798618000071, 1.751777065000056 ], [ 103.265190840000059, 1.751196226000047 ], [ 103.274488618000078, 1.750034546000052 ], [ 103.362432825000042, 1.710391517000062 ], [ 103.363398621000044, 1.709956155000043 ], [ 103.381771030000039, 1.733020037000074 ], [ 103.407953573000043, 1.764662365000049 ], [ 103.429598800000065, 1.784884625000075 ], [ 103.432202178000068, 1.783769432000042 ], [ 103.437037023000073, 1.783397701000069 ], [ 103.444847156000037, 1.772617472000036 ], [ 103.486129291000054, 1.803471064000064 ], [ 103.491336047000061, 1.804214518000038 ], [ 103.497286625000072, 1.804586245000053 ], [ 103.504724847000034, 1.804957971000022 ], [ 103.511419247000049, 1.804586245000053 ], [ 103.520345114000065, 1.803842791000022 ], [ 103.525551870000072, 1.805329698000037 ], [ 103.531502448000083, 1.803471064000064 ], [ 103.537081115000035, 1.800868974000025 ], [ 103.547122715000057, 1.796408240000062 ], [ 103.554189026000074, 1.792690952000044 ], [ 103.562371071000086, 1.791204035000021 ], [ 103.569437382000046, 1.791204035000021 ], [ 103.574644138000053, 1.793806139000026 ], [ 103.579478983000058, 1.796036511000068 ], [ 103.58357000500007, 1.798266880000028 ], [ 103.590636316000086, 1.799382064000042 ], [ 103.599934094000048, 1.80124070100004 ], [ 103.607744228000058, 1.801612429000045 ], [ 103.615926273000071, 1.799382064000042 ], [ 103.627083606000042, 1.79417786800002 ], [ 103.632290362000049, 1.791575765000061 ], [ 103.63824094000006, 1.79231922300005 ], [ 103.637497118000056, 1.796036511000068 ], [ 103.635265651000054, 1.799753791000057 ], [ 103.632290362000049, 1.804586245000053 ], [ 103.630058895000047, 1.809046959000057 ], [ 103.629686984000045, 1.814622837000059 ], [ 103.627083606000042, 1.818340079000052 ], [ 103.623364495000033, 1.82019869800007 ], [ 103.621876851000081, 1.825402819000033 ], [ 103.619273473000078, 1.830235203000029 ], [ 103.614810539000075, 1.833208972000023 ], [ 103.60997569500006, 1.834695854000074 ], [ 103.606940900000041, 1.83746145200007 ], [ 103.604084622000073, 1.840554159000021 ], [ 103.601942414000064, 1.843646861000025 ], [ 103.600514276000069, 1.847453255000062 ], [ 103.599324160000037, 1.849594348000039 ], [ 103.595991836000053, 1.85125964100007 ], [ 103.592659513000058, 1.852687034000041 ], [ 103.590993351000066, 1.855303918000061 ], [ 103.589089166000065, 1.859348185000044 ], [ 103.58575684200008, 1.864106134000053 ], [ 103.580044288000067, 1.872670411000058 ], [ 103.578140103000067, 1.875049369000067 ], [ 103.575521848000051, 1.87742832400005 ], [ 103.574807779000082, 1.879807276000065 ], [ 103.571237432000032, 1.880758856000057 ], [ 103.567905109000037, 1.881948330000057 ], [ 103.566000924000036, 1.884327276000022 ], [ 103.563382669000077, 1.885754642000052 ], [ 103.560526392000043, 1.887182006000046 ], [ 103.558622207000042, 1.890274626000064 ], [ 103.556718022000041, 1.89312934700007 ], [ 103.555051860000049, 1.89455670500007 ], [ 103.553623721000065, 1.898600882000039 ], [ 103.552195583000071, 1.90121769700005 ], [ 103.550767444000087, 1.903834508000045 ], [ 103.551719537000054, 1.938328461000026 ], [ 103.568381155000054, 1.939042122000046 ], [ 103.568530849000069, 1.944024728000045 ], [ 103.561307108000051, 2.044051564000029 ], [ 103.613857517000042, 2.252968142000043 ], [ 103.613857517000042, 2.258774750000043 ], [ 103.610370850000038, 2.264581335000059 ], [ 103.613857517000042, 2.270387896000045 ], [ 103.618506406000051, 2.275033128000075 ], [ 103.623736406000035, 2.277355739000029 ], [ 103.628966406000075, 2.278517042000033 ], [ 103.629547517000049, 2.284323548000032 ], [ 103.628966406000075, 2.293033261000062 ], [ 103.626060851000034, 2.301742922000074 ], [ 103.62547974000006, 2.312194444000056 ], [ 103.62547974000006, 2.323226524000063 ], [ 103.62547974000006, 2.334839145000046 ], [ 103.62547974000006, 2.344129174000045 ], [ 103.62547974000006, 2.349935410000057 ], [ 103.624898628000039, 2.356902862000027 ], [ 103.623155295000061, 2.362128428000062 ], [ 103.62547974000006, 2.368515204000062 ], [ 103.630128629000069, 2.376063174000024 ], [ 103.534826404000057, 2.338903540000047 ], [ 103.46451195700007, 2.393481410000049 ], [ 103.38057771800004, 2.37642605700006 ], [ 103.334270425000057, 2.333786755000062 ], [ 103.320650633000071, 2.321992677000026 ], [ 103.301582924000058, 2.312012995000032 ], [ 103.286147160000041, 2.302940496000076 ], [ 103.27161938200004, 2.297496969000065 ], [ 103.240747853000073, 2.286609852000026 ], [ 103.21714021400004, 2.278444461000049 ], [ 103.197164519000069, 2.269371749000072 ], [ 103.175372851000077, 2.258484420000059 ], [ 103.164477018000071, 2.253948009000055 ], [ 103.154489170000033, 2.253040725000062 ], [ 103.142685350000079, 2.244875144000048 ], [ 103.129973544000052, 2.237616812000056 ], [ 103.10818187700005, 2.212212366000074 ], [ 103.104549932000054, 2.171382884000025 ] ] ] } },
{ "type": "Feature", "properties": { "code": "KJ", "district": "Kulai", "dosm_name": "Kulai", "geo_name": "Kulaijaya" }, "geometry": { "type": "Polygon", "coordinates": [ [ [ 103.362432825000042, 1.710391517000062 ], [ 103.458119735000082, 1.631539510000039 ], [ 103.501703069000087, 1.581002710000064 ], [ 103.503638867000063, 1.582176572000037 ], [ 103.505067005000058, 1.583366233000049 ], [ 103.507209213000067, 1.582176572000037 ], [ 103.508399329000042, 1.580748977000042 ], [ 103.507447237000065, 1.561000483000043 ], [ 103.513397814000086, 1.54458291900005 ], [ 103.515778046000037, 1.544820855000069 ], [ 103.520538508000072, 1.535779245000072 ], [ 103.525775017000058, 1.537206870000034 ], [ 103.532246270000087, 1.531719431000056 ], [ 103.535221559000036, 1.535437210000055 ], [ 103.538568759000043, 1.539898536000067 ], [ 103.54191595900005, 1.542500972000028 ], [ 103.549587885000051, 1.540833766000048 ], [ 103.550469915000065, 1.540642090000063 ], [ 103.552329471000064, 1.542872748000036 ], [ 103.552329471000064, 1.546962284000074 ], [ 103.553073293000068, 1.551423586000055 ], [ 103.558651960000077, 1.551795361000075 ], [ 103.561999160000084, 1.552910685000029 ], [ 103.566000924000036, 1.557907328000056 ], [ 103.568619178000063, 1.559334939000053 ], [ 103.573379640000041, 1.559810808000066 ], [ 103.578378126000075, 1.559810808000066 ], [ 103.580282311000076, 1.560524613000041 ], [ 103.582900565000045, 1.561952222000059 ], [ 103.593849628000044, 1.556955588000051 ], [ 103.600514276000069, 1.563141895000058 ], [ 103.601942414000064, 1.56552123900002 ], [ 103.601704391000055, 1.567186778000064 ], [ 103.600752299000078, 1.569804051000062 ], [ 103.602180438000062, 1.573610988000041 ], [ 103.603608576000056, 1.576942053000039 ], [ 103.605512761000057, 1.579797246000055 ], [ 103.60908310800005, 1.585031758000071 ], [ 103.638597975000039, 1.585507622000023 ], [ 103.641930298000034, 1.588124872000037 ], [ 103.645976691000044, 1.585745554000027 ], [ 103.650975177000078, 1.585031758000071 ], [ 103.651451223000038, 1.587173145000065 ], [ 103.653355408000039, 1.589790393000044 ], [ 103.655497616000048, 1.589552462000029 ], [ 103.658115870000074, 1.58741107700007 ], [ 103.660496102000081, 1.588124872000037 ], [ 103.663352379000059, 1.589790393000044 ], [ 103.665018541000052, 1.591455913000061 ], [ 103.668826911000053, 1.592883501000074 ], [ 103.672873304000063, 1.599307631000045 ], [ 103.676443650000067, 1.600973143000033 ], [ 103.680728067000075, 1.602638654000032 ], [ 103.683822367000062, 1.605017953000072 ], [ 103.68810678300008, 1.608824825000056 ], [ 103.682632251000086, 1.616200620000029 ], [ 103.68810678300008, 1.619055759000048 ], [ 103.702150147000054, 1.603590374000021 ], [ 103.705006425000079, 1.604780023000046 ], [ 103.708576771000082, 1.605731742000046 ], [ 103.711909095000067, 1.605017953000072 ], [ 103.714527349000036, 1.604780023000046 ], [ 103.716431534000037, 1.605969672000072 ], [ 103.71952583500007, 1.605731742000046 ], [ 103.720239904000039, 1.620245399000055 ], [ 103.73618745300007, 1.639755397000044 ], [ 103.723387051000088, 1.658592628000065 ], [ 103.719049789000053, 1.66497535600007 ], [ 103.672873304000063, 1.726358426000047 ], [ 103.671207142000071, 1.729689234000034 ], [ 103.678109812000059, 1.733257951000041 ], [ 103.665970633000086, 1.757762956000022 ], [ 103.662638310000034, 1.757762956000022 ], [ 103.658591917000081, 1.755383843000061 ], [ 103.643834483000035, 1.787501607000024 ], [ 103.645024599000067, 1.791070213000069 ], [ 103.63824094000006, 1.79231922300005 ], [ 103.632290362000049, 1.791575765000061 ], [ 103.627083606000042, 1.79417786800002 ], [ 103.615926273000071, 1.799382064000042 ], [ 103.607744228000058, 1.801612429000045 ], [ 103.599934094000048, 1.80124070100004 ], [ 103.590636316000086, 1.799382064000042 ], [ 103.58357000500007, 1.798266880000028 ], [ 103.579478983000058, 1.796036511000068 ], [ 103.574644138000053, 1.793806139000026 ], [ 103.569437382000046, 1.791204035000021 ], [ 103.562371071000086, 1.791204035000021 ], [ 103.554189026000074, 1.792690952000044 ], [ 103.547122715000057, 1.796408240000062 ], [ 103.537081115000035, 1.800868974000025 ], [ 103.531502448000083, 1.803471064000064 ], [ 103.525551870000072, 1.805329698000037 ], [ 103.520345114000065, 1.803842791000022 ], [ 103.511419247000049, 1.804586245000053 ], [ 103.504724847000034, 1.804957971000022 ], [ 103.497286625000072, 1.804586245000053 ], [ 103.491336047000061, 1.804214518000038 ], [ 103.486129291000054, 1.803471064000064 ], [ 103.444847156000037, 1.772617472000036 ], [ 103.437037023000073, 1.783397701000069 ], [ 103.432202178000068, 1.783769432000042 ], [ 103.429598800000065, 1.784884625000075 ], [ 103.407953573000043, 1.764662365000049 ], [ 103.381771030000039, 1.733020037000074 ], [ 103.363398621000044, 1.709956155000043 ], [ 103.362432825000042, 1.710391517000062 ] ] ] } },
{ "type": "Feature", "properties": { "code": "PN", "district": "Pontian", "dosm_name": "Pontian", "geo_name": "Pontian" }, "geometry": { "type": "Polygon", "coordinates": [ [ [ 103.18499750400008, 1.623407236000048 ], [ 103.243471812000053, 1.602386609000064 ], [ 103.260723548000044, 1.598756081000033 ], [ 103.267079451000086, 1.594217913000023 ], [ 103.276159313000051, 1.591495007000049 ], [ 103.287963132000073, 1.585141546000045 ], [ 103.296135008000078, 1.581510988000048 ], [ 103.337902370000052, 1.557912208000062 ], [ 103.362417996000033, 1.537036143000023 ], [ 103.37331382900004, 1.520698211000024 ], [ 103.379669732000082, 1.50617550100003 ], [ 103.385117649000051, 1.491652694000038 ], [ 103.388749594000046, 1.481668208000031 ], [ 103.394197510000083, 1.472591364000039 ], [ 103.402369386000032, 1.452622177000023 ], [ 103.406001330000038, 1.442637518000026 ], [ 103.410541261000049, 1.431745111000055 ], [ 103.414173206000044, 1.419944947000033 ], [ 103.415989178000075, 1.40360615700007 ], [ 103.418713136000065, 1.392713568000033 ], [ 103.435056887000087, 1.361850958000048 ], [ 103.437780845000077, 1.352773644000024 ], [ 103.439596817000051, 1.342788560000031 ], [ 103.445044734000078, 1.330080212000041 ], [ 103.449584665000032, 1.321002781000061 ], [ 103.456848554000032, 1.314648559000034 ], [ 103.465928415000064, 1.310109819000047 ], [ 103.47682424900006, 1.304663320000031 ], [ 103.481364180000071, 1.299216810000075 ], [ 103.481945291000045, 1.28937675100002 ], [ 103.487756402000059, 1.282986140000048 ], [ 103.494148625000037, 1.277176478000058 ], [ 103.498797514000046, 1.271366804000024 ], [ 103.505189736000034, 1.264976148000073 ], [ 103.511581958000079, 1.262071298000023 ], [ 103.516811959000052, 1.264395178000029 ], [ 103.512163070000042, 1.270785836000073 ], [ 103.511000847000048, 1.279500344000041 ], [ 103.511000847000048, 1.288214823000033 ], [ 103.512744181000073, 1.297510234000072 ], [ 103.517393070000082, 1.311453287000063 ], [ 103.52087973600004, 1.317262869000047 ], [ 103.526690848000044, 1.321329569000056 ], [ 103.534245292000037, 1.326558173000024 ], [ 103.538313070000072, 1.329462948000071 ], [ 103.545867515000054, 1.33585344100004 ], [ 103.541799737000076, 1.348053428000071 ], [ 103.54005640400004, 1.35618671800006 ], [ 103.54005640400004, 1.364900928000054 ], [ 103.539475293000066, 1.371291328000041 ], [ 103.537150848000067, 1.378843597000071 ], [ 103.535988626000062, 1.388719605000063 ], [ 103.535407515000088, 1.397433696000064 ], [ 103.537731959000041, 1.404985882000062 ], [ 103.541799737000076, 1.413118977000067 ], [ 103.544124182000076, 1.422413909000056 ], [ 103.547029737000059, 1.43345159200004 ], [ 103.549354182000059, 1.440422733000048 ], [ 103.551097515000038, 1.44507014800007 ], [ 103.552840849000063, 1.450879403000044 ], [ 103.554003071000068, 1.456688644000053 ], [ 103.553421960000037, 1.463659713000027 ], [ 103.554003071000068, 1.468888001000039 ], [ 103.558070849000046, 1.475278114000048 ], [ 103.562138627000081, 1.479925457000036 ], [ 103.570274182000048, 1.480506374000072 ], [ 103.577247516000057, 1.479344540000056 ], [ 103.581896405000066, 1.485734622000052 ], [ 103.574341960000083, 1.492705600000022 ], [ 103.574923071000057, 1.528141062000032 ], [ 103.543543070000055, 1.524074727000027 ], [ 103.546448626000085, 1.529302871000027 ], [ 103.548773071000085, 1.532207390000053 ], [ 103.549587885000051, 1.540833766000048 ], [ 103.54191595900005, 1.542500972000028 ], [ 103.538568759000043, 1.539898536000067 ], [ 103.535221559000036, 1.535437210000055 ], [ 103.532246270000087, 1.531719431000056 ], [ 103.525775017000058, 1.537206870000034 ], [ 103.520538508000072, 1.535779245000072 ], [ 103.515778046000037, 1.544820855000069 ], [ 103.513397814000086, 1.54458291900005 ], [ 103.507447237000065, 1.561000483000043 ], [ 103.508399329000042, 1.580748977000042 ], [ 103.507209213000067, 1.582176572000037 ], [ 103.505067005000058, 1.583366233000049 ], [ 103.503638867000063, 1.582176572000037 ], [ 103.501703069000087, 1.581002710000064 ], [ 103.458119735000082, 1.631539510000039 ], [ 103.362432825000042, 1.710391517000062 ], [ 103.274488618000078, 1.750034546000052 ], [ 103.265190840000059, 1.751196226000047 ], [ 103.258798618000071, 1.751777065000056 ], [ 103.227239066768846, 1.766215760473978 ], [ 103.220212839000055, 1.751800299000024 ], [ 103.217981372000054, 1.745109015000025 ], [ 103.216121816000054, 1.739161188000026 ], [ 103.213890350000042, 1.735072046000028 ], [ 103.207195949000038, 1.728380703000028 ], [ 103.204220660000033, 1.724663280000073 ], [ 103.203104927000084, 1.719087132000027 ], [ 103.197526260000075, 1.702730338000038 ], [ 103.196038616000067, 1.697525875000053 ], [ 103.196038616000067, 1.691206150000028 ], [ 103.193435238000063, 1.672246853000047 ], [ 103.196038616000067, 1.659607219000065 ], [ 103.197898171000077, 1.655889665000075 ], [ 103.199013905000072, 1.651056833000041 ], [ 103.199385816000074, 1.646223990000067 ], [ 103.200873460000082, 1.642134652000038 ], [ 103.201989194000078, 1.637301787000069 ], [ 103.201617283000076, 1.63209715000005 ], [ 103.20050154900008, 1.62837954500003 ], [ 103.196782438000071, 1.627636023000036 ], [ 103.193807149000065, 1.629123066000034 ], [ 103.19083186000006, 1.630238348000034 ], [ 103.188228482000056, 1.630238348000034 ], [ 103.18711274900005, 1.626520739000057 ], [ 103.18499750400008, 1.623407236000048 ] ] ] } },
{ "type": "Feature", "properties": { "code": "JB", "district": "Johor Bahru", "dosm_name": "Johor Bahru", "geo_name": "Johor Bahru" }, "geometry": { "type": "Polygon", "coordinates": [ [ [ 103.549587885000051, 1.540833766000048 ], [ 103.548773071000085, 1.532207390000053 ], [ 103.546448626000085, 1.529302871000027 ], [ 103.543543070000055, 1.524074727000027 ], [ 103.574923071000057, 1.528141062000032 ], [ 103.574341960000083, 1.492705600000022 ], [ 103.581896405000066, 1.485734622000052 ], [ 103.577247516000057, 1.479344540000056 ], [ 103.570274182000048, 1.480506374000072 ], [ 103.562138627000081, 1.479925457000036 ], [ 103.558070849000046, 1.475278114000048 ], [ 103.554003071000068, 1.468888001000039 ], [ 103.553421960000037, 1.463659713000027 ], [ 103.554003071000068, 1.456688644000053 ], [ 103.552840849000063, 1.450879403000044 ], [ 103.551097515000038, 1.44507014800007 ], [ 103.549354182000059, 1.440422733000048 ], [ 103.547029737000059, 1.43345159200004 ], [ 103.544124182000076, 1.422413909000056 ], [ 103.541799737000076, 1.413118977000067 ], [ 103.537731959000041, 1.404985882000062 ], [ 103.535407515000088, 1.397433696000064 ], [ 103.535988626000062, 1.388719605000063 ], [ 103.537150848000067, 1.378843597000071 ], [ 103.539475293000066, 1.371291328000041 ], [ 103.54005640400004, 1.364900928000054 ], [ 103.54005640400004, 1.35618671800006 ], [ 103.541799737000076, 1.348053428000071 ], [ 103.545867515000054, 1.33585344100004 ], [ 103.558651960000077, 1.33178676600005 ], [ 103.600491961000046, 1.262652269000057 ], [ 103.614438628000073, 1.322491482000032 ], [ 103.648143074000075, 1.380005483000048 ], [ 103.652791963000084, 1.38581490100006 ], [ 103.653373074000058, 1.395690881000064 ], [ 103.655116407000037, 1.402662135000071 ], [ 103.662089741000045, 1.40847149800004 ], [ 103.668481963000033, 1.416023648000021 ], [ 103.669644185000038, 1.42415670500003 ], [ 103.673130852000043, 1.432289733000061 ], [ 103.682428630000061, 1.435194379000052 ], [ 103.692888630000084, 1.439841805000071 ], [ 103.697537519000036, 1.443908295000028 ], [ 103.700443075000067, 1.450879403000044 ], [ 103.706835298000044, 1.453784026000051 ], [ 103.714970853000068, 1.457269567000026 ], [ 103.721363076000046, 1.461336026000026 ], [ 103.728917520000039, 1.46017418100007 ], [ 103.737053076000052, 1.456107721000024 ], [ 103.745188632000065, 1.452041253000061 ], [ 103.754486410000084, 1.450879403000044 ], [ 103.76494641000005, 1.452041253000061 ], [ 103.771919744000058, 1.455526797000061 ], [ 103.785285300000055, 1.463078792000033 ], [ 103.795164189000047, 1.469468921000043 ], [ 103.806205300000045, 1.477601787000026 ], [ 103.814340856000058, 1.478763622000031 ], [ 103.819570856000041, 1.477020869000057 ], [ 103.82886863400006, 1.475278114000048 ], [ 103.839328635000072, 1.472954438000045 ], [ 103.84804530200006, 1.470049841000048 ], [ 103.853856413000074, 1.466564319000042 ], [ 103.859086413000057, 1.461336026000026 ], [ 103.868384191000075, 1.449136628000076 ], [ 103.876519747000032, 1.440422733000048 ], [ 103.890466414000059, 1.432289733000061 ], [ 103.899183081000047, 1.428223222000042 ], [ 103.911386415000038, 1.428223222000042 ], [ 103.925333082000066, 1.428804153000044 ], [ 103.935793082000032, 1.429385083000057 ], [ 103.944509749000076, 1.428804153000044 ], [ 103.955550860000073, 1.425899499000025 ], [ 103.964848639000081, 1.423575773000039 ], [ 103.972984194000048, 1.423575773000039 ], [ 103.979957528000057, 1.425318568000023 ], [ 103.986930861000076, 1.425899499000025 ], [ 103.995066417000032, 1.422994841000047 ], [ 104.003783084000077, 1.422994841000047 ], [ 104.028770863000034, 1.441584587000023 ], [ 104.020635307000077, 1.551377114000047 ], [ 104.017729751000047, 1.559509672000047 ], [ 104.012499751000064, 1.566480411000043 ], [ 104.007269751000081, 1.573451127000055 ], [ 104.003201973000046, 1.576936476000071 ], [ 103.995066417000032, 1.582745379000073 ], [ 103.989255306000075, 1.586811600000033 ], [ 103.984606417000066, 1.593201362000059 ], [ 103.980538639000088, 1.599010218000046 ], [ 103.974727528000074, 1.611789645000044 ], [ 103.973565305000079, 1.620502844000043 ], [ 103.973565305000079, 1.627473377000058 ], [ 103.973565305000079, 1.635605635000047 ], [ 103.969497528000034, 1.638510004000068 ], [ 103.961361972000077, 1.641414370000064 ], [ 103.954969749000043, 1.644318731000055 ], [ 103.950901971000064, 1.648965700000076 ], [ 103.946834194000076, 1.651289181000038 ], [ 103.939860860000067, 1.653612659000032 ], [ 103.931725304000054, 1.655936134000058 ], [ 103.92591419300004, 1.66116394300002 ], [ 103.926495304000071, 1.666391738000073 ], [ 103.920103082000082, 1.666972604000023 ], [ 103.916616415000078, 1.669876928000065 ], [ 103.910805304000064, 1.672781247000046 ], [ 103.904413081000087, 1.673362110000028 ], [ 103.898601970000072, 1.661744810000073 ], [ 103.896277525000073, 1.651289181000038 ], [ 103.892790859000058, 1.646642217000021 ], [ 103.886979747000055, 1.640833497000074 ], [ 103.880006414000036, 1.630958634000024 ], [ 103.884074192000071, 1.625730746000045 ], [ 103.874195303000079, 1.60830435500003 ], [ 103.866059747000065, 1.600752872000044 ], [ 103.858505302000083, 1.599591103000023 ], [ 103.850950857000043, 1.601333756000031 ], [ 103.844558635000055, 1.602495524000062 ], [ 103.841071968000051, 1.60539994200002 ], [ 103.835841968000068, 1.611208764000025 ], [ 103.830611968000085, 1.614694049000036 ], [ 103.827125301000081, 1.619341087000066 ], [ 103.817246412000088, 1.62514986900004 ], [ 103.800975300000061, 1.632701261000022 ], [ 103.777149744000042, 1.641995242000064 ], [ 103.775406411000063, 1.647803959000044 ], [ 103.775406411000063, 1.653612659000032 ], [ 103.775406411000063, 1.657678739000062 ], [ 103.770757522000054, 1.658259606000058 ], [ 103.76552752200007, 1.658259606000058 ], [ 103.763784188000045, 1.668134334000058 ], [ 103.738215298000057, 1.671038656000064 ], [ 103.723387051000088, 1.658592628000065 ], [ 103.73618745300007, 1.639755397000044 ], [ 103.720239904000039, 1.620245399000055 ], [ 103.71952583500007, 1.605731742000046 ], [ 103.716431534000037, 1.605969672000072 ], [ 103.714527349000036, 1.604780023000046 ], [ 103.711909095000067, 1.605017953000072 ], [ 103.708576771000082, 1.605731742000046 ], [ 103.705006425000079, 1.604780023000046 ], [ 103.702150147000054, 1.603590374000021 ], [ 103.68810678300008, 1.619055759000048 ], [ 103.682632251000086, 1.616200620000029 ], [ 103.68810678300008, 1.608824825000056 ], [ 103.683822367000062, 1.605017953000072 ], [ 103.680728067000075, 1.602638654000032 ], [ 103.676443650000067, 1.600973143000033 ], [ 103.672873304000063, 1.599307631000045 ], [ 103.668826911000053, 1.592883501000074 ], [ 103.665018541000052, 1.591455913000061 ], [ 103.663352379000059, 1.589790393000044 ], [ 103.660496102000081, 1.588124872000037 ], [ 103.658115870000074, 1.58741107700007 ], [ 103.655497616000048, 1.589552462000029 ], [ 103.653355408000039, 1.589790393000044 ], [ 103.651451223000038, 1.587173145000065 ], [ 103.650975177000078, 1.585031758000071 ], [ 103.645976691000044, 1.585745554000027 ], [ 103.641930298000034, 1.588124872000037 ], [ 103.638597975000039, 1.585507622000023 ], [ 103.60908310800005, 1.585031758000071 ], [ 103.605512761000057, 1.579797246000055 ], [ 103.603608576000056, 1.576942053000039 ], [ 103.602180438000062, 1.573610988000041 ], [ 103.600752299000078, 1.569804051000062 ], [ 103.601704391000055, 1.567186778000064 ], [ 103.601942414000064, 1.56552123900002 ], [ 103.600514276000069, 1.563141895000058 ], [ 103.593849628000044, 1.556955588000051 ], [ 103.582900565000045, 1.561952222000059 ], [ 103.580282311000076, 1.560524613000041 ], [ 103.578378126000075, 1.559810808000066 ], [ 103.573379640000041, 1.559810808000066 ], [ 103.568619178000063, 1.559334939000053 ], [ 103.566000924000036, 1.557907328000056 ], [ 103.561999160000084, 1.552910685000029 ], [ 103.558651960000077, 1.551795361000075 ], [ 103.553073293000068, 1.551423586000055 ], [ 103.552329471000064, 1.546962284000074 ], [ 103.552329471000064, 1.542872748000036 ], [ 103.550469915000065, 1.540642090000063 ], [ 103.549587885000051, 1.540833766000048 ] ] ] } },
{ "type": "Feature", "properties": { "code": "KT", "district": "Kota Tinggi", "dosm_name": "Kota Tinggi", "geo_name": "Kota Tinggi" }, "geometry": { "type": "Polygon", "coordinates": [ [ [ 103.63824094000006, 1.79231922300005 ], [ 103.645024599000067, 1.791070213000069 ], [ 103.643834483000035, 1.787501607000024 ], [ 103.658591917000081, 1.755383843000061 ], [ 103.662638310000034, 1.757762956000022 ], [ 103.665970633000086, 1.757762956000022 ], [ 103.678109812000059, 1.733257951000041 ], [ 103.671207142000071, 1.729689234000034 ], [ 103.672873304000063, 1.726358426000047 ], [ 103.719049789000053, 1.66497535600007 ], [ 103.723387051000088, 1.658592628000065 ], [ 103.738215298000057, 1.671038656000064 ], [ 103.763784188000045, 1.668134334000058 ], [ 103.76552752200007, 1.658259606000058 ], [ 103.770757522000054, 1.658259606000058 ], [ 103.775406411000063, 1.657678739000062 ], [ 103.775406411000063, 1.653612659000032 ], [ 103.775406411000063, 1.647803959000044 ], [ 103.777149744000042, 1.641995242000064 ], [ 103.800975300000061, 1.632701261000022 ], [ 103.817246412000088, 1.62514986900004 ], [ 103.827125301000081, 1.619341087000066 ], [ 103.830611968000085, 1.614694049000036 ], [ 103.835841968000068, 1.611208764000025 ], [ 103.841071968000051, 1.60539994200002 ], [ 103.844558635000055, 1.602495524000062 ], [ 103.850950857000043, 1.601333756000031 ], [ 103.858505302000083, 1.599591103000023 ], [ 103.866059747000065, 1.600752872000044 ], [ 103.874195303000079, 1.60830435500003 ], [ 103.884074192000071, 1.625730746000045 ], [ 103.880006414000036, 1.630958634000024 ], [ 103.886979747000055, 1.640833497000074 ], [ 103.892790859000058, 1.646642217000021 ], [ 103.896277525000073, 1.651289181000038 ], [ 103.898601970000072, 1.661744810000073 ], [ 103.904413081000087, 1.673362110000028 ], [ 103.910805304000064, 1.672781247000046 ], [ 103.916616415000078, 1.669876928000065 ], [ 103.920103082000082, 1.666972604000023 ], [ 103.926495304000071, 1.666391738000073 ], [ 103.92591419300004, 1.66116394300002 ], [ 103.931725304000054, 1.655936134000058 ], [ 103.939860860000067, 1.653612659000032 ], [ 103.946834194000076, 1.651289181000038 ], [ 103.950901971000064, 1.648965700000076 ], [ 103.954969749000043, 1.644318731000055 ], [ 103.961361972000077, 1.641414370000064 ], [ 103.969497528000034, 1.638510004000068 ], [ 103.973565305000079, 1.635605635000047 ], [ 103.973565305000079, 1.627473377000058 ], [ 103.973565305000079, 1.620502844000043 ], [ 103.974727528000074, 1.611789645000044 ], [ 103.980538639000088, 1.599010218000046 ], [ 103.984606417000066, 1.593201362000059 ], [ 103.989255306000075, 1.586811600000033 ], [ 103.995066417000032, 1.582745379000073 ], [ 104.003201973000046, 1.576936476000071 ], [ 104.007269751000081, 1.573451127000055 ], [ 104.012499751000064, 1.566480411000043 ], [ 104.017729751000047, 1.559509672000047 ], [ 104.020635307000077, 1.551377114000047 ], [ 104.028770863000034, 1.441584587000023 ], [ 104.036906418000058, 1.443908295000028 ], [ 104.045623085000045, 1.443908295000028 ], [ 104.078165309000042, 1.437518093000051 ], [ 104.08746308700006, 1.429966014000058 ], [ 104.096179754000048, 1.423575773000039 ], [ 104.100247531000036, 1.418347381000046 ], [ 104.103734198000041, 1.41253804300004 ], [ 104.108964198000081, 1.405566818000068 ], [ 104.114194199000053, 1.400338386000044 ], [ 104.113613087000033, 1.393367124000065 ], [ 104.107801976000076, 1.388138665000042 ], [ 104.102571976000036, 1.384072077000042 ], [ 104.094436420000079, 1.378843597000071 ], [ 104.090949753000075, 1.374196050000023 ], [ 104.096760865000078, 1.370710383000073 ], [ 104.10838308700005, 1.364900928000054 ], [ 104.118843088000062, 1.360834301000068 ], [ 104.126978643000086, 1.357348615000035 ], [ 104.130465310000034, 1.350958178000042 ], [ 104.133951977000038, 1.343405821000033 ], [ 104.140925310000057, 1.342824870000072 ], [ 104.145574199000066, 1.343986772000051 ], [ 104.157196422000084, 1.347472478000043 ], [ 104.173467534000054, 1.33933915800003 ], [ 104.181021978000047, 1.338758206000023 ], [ 104.185089756000082, 1.341082014000051 ], [ 104.191481979000059, 1.345148675000075 ], [ 104.197293090000073, 1.342243918000065 ], [ 104.203104201000087, 1.339920110000037 ], [ 104.21298309000008, 1.346891527000025 ], [ 104.218213090000063, 1.349796278000042 ], [ 104.225186424000071, 1.35037722800007 ], [ 104.230997535000085, 1.357929563000027 ], [ 104.238551980000068, 1.365481874000068 ], [ 104.244363091000082, 1.370710383000073 ], [ 104.249593091000065, 1.367224712000052 ], [ 104.249593091000065, 1.359091458000023 ], [ 104.262958647000062, 1.359091458000023 ], [ 104.274580870000079, 1.363739035000037 ], [ 104.283878648000041, 1.370129438000049 ], [ 104.283878648000041, 1.377681711000037 ], [ 104.279229759000089, 1.388719605000063 ], [ 104.276324203000058, 1.403243072000066 ], [ 104.274580870000079, 1.417185515000028 ], [ 104.275743092000084, 1.430546944000071 ], [ 104.282716426000036, 1.435194379000052 ], [ 104.289108648000081, 1.434032521000063 ], [ 104.293176426000059, 1.441003660000035 ], [ 104.293176426000059, 1.449136628000076 ], [ 104.287365315000045, 1.458431414000074 ], [ 104.282716426000036, 1.467145240000036 ], [ 104.274580870000079, 1.481668208000031 ], [ 104.273999759000048, 1.492124686000068 ], [ 104.27225642500008, 1.502581115000055 ], [ 104.276324203000058, 1.505485670000041 ], [ 104.281554203000042, 1.506647490000034 ], [ 104.282716426000036, 1.517103849000023 ], [ 104.279229759000089, 1.525817443000051 ], [ 104.275161981000053, 1.536273709000056 ], [ 104.270513092000044, 1.540920922000055 ], [ 104.264701981000087, 1.546729924000033 ], [ 104.255404203000069, 1.554281603000049 ], [ 104.255985314000043, 1.565318623000053 ], [ 104.255985314000043, 1.572870235000039 ], [ 104.258309758000053, 1.576936476000071 ], [ 104.262377536000088, 1.579840929000056 ], [ 104.256566425000074, 1.586230712000031 ], [ 104.252498647000039, 1.592620475000047 ], [ 104.252498647000039, 1.599591103000023 ], [ 104.257147536000048, 1.603076408000049 ], [ 104.261215314000083, 1.604238175000035 ], [ 104.260053092000078, 1.611208764000025 ], [ 104.254823092000038, 1.615855809000038 ], [ 104.251336425000034, 1.621664602000067 ], [ 104.243781980000051, 1.628635130000021 ], [ 104.243781980000051, 1.635605635000047 ], [ 104.244944202000056, 1.642576115000054 ], [ 104.250174203000086, 1.648384830000055 ], [ 104.251336425000034, 1.653612659000032 ], [ 104.246687536000081, 1.657097871000076 ], [ 104.240295313000047, 1.664068276000023 ], [ 104.229835313000081, 1.678009011000029 ], [ 104.225186424000071, 1.686141062000047 ], [ 104.222280868000041, 1.700662495000074 ], [ 104.216469757000084, 1.710537007000028 ], [ 104.214145313000074, 1.717507221000062 ], [ 104.209496424000065, 1.722154016000047 ], [ 104.204266423000036, 1.729705033000073 ], [ 104.200198646000047, 1.736675176000062 ], [ 104.199036423000052, 1.747711184000025 ], [ 104.196130868000068, 1.759327964000022 ], [ 104.192644201000064, 1.769783004000033 ], [ 104.18683309000005, 1.783722966000028 ], [ 104.182765312000072, 1.793597042000044 ], [ 104.175791978000063, 1.801147770000057 ], [ 104.169399756000075, 1.808698466000067 ], [ 104.164169756000035, 1.817410769000048 ], [ 104.160101978000057, 1.82844629300007 ], [ 104.158358644000032, 1.838320125000052 ], [ 104.156034200000079, 1.845289856000022 ], [ 104.157196422000084, 1.850517136000065 ], [ 104.15138531100007, 1.856325207000054 ], [ 104.150804200000039, 1.846451475000038 ], [ 104.144411977000061, 1.843547426000043 ], [ 104.131627532000039, 1.848193903000038 ], [ 104.124073088000046, 1.852840367000056 ], [ 104.119424199000036, 1.858648431000063 ], [ 104.113031976000059, 1.865618082000026 ], [ 104.109545309000055, 1.87316850600007 ], [ 104.104315309000071, 1.881299695000052 ], [ 104.103734198000041, 1.887688460000049 ], [ 104.101409754000088, 1.898142753000059 ], [ 104.103734198000041, 1.909758559000068 ], [ 104.106639754000071, 1.916147219000038 ], [ 104.109545309000055, 1.92195507100007 ], [ 104.115356421000058, 1.923116639000057 ], [ 104.121167532000072, 1.926601338000069 ], [ 104.12988419900006, 1.924278206000054 ], [ 104.12755975400006, 1.93357071600002 ], [ 104.122910865000051, 1.94170162000006 ], [ 104.118843088000062, 1.949251710000055 ], [ 104.117099754000037, 1.959705625000026 ], [ 104.115937532000032, 1.967255634000026 ], [ 104.108964198000081, 1.974224843000059 ], [ 104.097341976000052, 1.987582412000052 ], [ 104.095017531000053, 1.994551535000028 ], [ 104.091530865000038, 2.002101386000049 ], [ 104.084557531000087, 2.008489694000048 ], [ 104.082233086000087, 2.014297224000074 ], [ 104.078746420000073, 2.021266234000052 ], [ 104.074678642000038, 2.027073719000043 ], [ 104.069448642000054, 2.03230043800005 ], [ 104.057825632000061, 2.04253978600002 ], [ 103.564898904000074, 2.044350864000023 ], [ 103.561307108000051, 2.044051564000029 ], [ 103.568530849000069, 1.944024728000045 ], [ 103.568381155000054, 1.939042122000046 ], [ 103.551719537000054, 1.938328461000026 ], [ 103.550767444000087, 1.903834508000045 ], [ 103.552195583000071, 1.90121769700005 ], [ 103.553623721000065, 1.898600882000039 ], [ 103.555051860000049, 1.89455670500007 ], [ 103.556718022000041, 1.89312934700007 ], [ 103.558622207000042, 1.890274626000064 ], [ 103.560526392000043, 1.887182006000046 ], [ 103.563382669000077, 1.885754642000052 ], [ 103.566000924000036, 1.884327276000022 ], [ 103.567905109000037, 1.881948330000057 ], [ 103.571237432000032, 1.880758856000057 ], [ 103.574807779000082, 1.879807276000065 ], [ 103.575521848000051, 1.87742832400005 ], [ 103.578140103000067, 1.875049369000067 ], [ 103.580044288000067, 1.872670411000058 ], [ 103.58575684200008, 1.864106134000053 ], [ 103.589089166000065, 1.859348185000044 ], [ 103.590993351000066, 1.855303918000061 ], [ 103.592659513000058, 1.852687034000041 ], [ 103.595991836000053, 1.85125964100007 ], [ 103.599324160000037, 1.849594348000039 ], [ 103.600514276000069, 1.847453255000062 ], [ 103.601942414000064, 1.843646861000025 ], [ 103.604084622000073, 1.840554159000021 ], [ 103.606940900000041, 1.83746145200007 ], [ 103.60997569500006, 1.834695854000074 ], [ 103.614810539000075, 1.833208972000023 ], [ 103.619273473000078, 1.830235203000029 ], [ 103.621876851000081, 1.825402819000033 ], [ 103.623364495000033, 1.82019869800007 ], [ 103.627083606000042, 1.818340079000052 ], [ 103.629686984000045, 1.814622837000059 ], [ 103.630058895000047, 1.809046959000057 ], [ 103.632290362000049, 1.804586245000053 ], [ 103.635265651000054, 1.799753791000057 ], [ 103.637497118000056, 1.796036511000068 ], [ 103.63824094000006, 1.79231922300005 ] ] ] } },
{ "type": "Feature", "properties": { "code": "MG", "district": "Mersing", "dosm_name": "Mersing", "geo_name": "Mersing" }, "geometry": { "type": "MultiPolygon", "coordinates": [ [ [ [ 104.103518660000077, 2.185544174000029 ], [ 104.103650771000048, 2.185713907000036 ], [ 104.103745136000043, 2.185902499000065 ], [ 104.103858374000083, 2.186128810000071 ], [ 104.103877247000071, 2.186336262000054 ], [ 104.103820628000051, 2.186600291000047 ], [ 104.103745136000043, 2.18678888300002 ], [ 104.103594152000085, 2.187071771000035 ], [ 104.101782348000086, 2.188335338000059 ], [ 104.101235032000034, 2.188448494000056 ], [ 104.100366875000077, 2.188901114000032 ], [ 104.099951670000053, 2.189033129000052 ], [ 104.099649703000068, 2.189033129000052 ], [ 104.099366608000082, 2.18901426900004 ], [ 104.099196751000079, 2.188901114000032 ], [ 104.099140133000049, 2.18871252200006 ], [ 104.099064641000041, 2.188505071000066 ], [ 104.099064641000041, 2.188335338000059 ], [ 104.099083514000085, 2.188127887000064 ], [ 104.099196751000079, 2.18792043600007 ], [ 104.099309989000062, 2.187769562000028 ], [ 104.099366608000082, 2.187580970000056 ], [ 104.099366608000082, 2.187316941000063 ], [ 104.099309989000062, 2.187034053000048 ], [ 104.099196751000079, 2.18678888300002 ], [ 104.098857038000062, 2.186581432000025 ], [ 104.09842296000005, 2.186449417000063 ], [ 104.097988882000038, 2.18605337300005 ], [ 104.097366074000035, 2.185676189000048 ], [ 104.09681875800004, 2.185449878000043 ], [ 104.096516790000067, 2.185336722000045 ], [ 104.096309188000077, 2.184601212000075 ], [ 104.096346934000053, 2.184469197000055 ], [ 104.096422426000061, 2.184374901000069 ], [ 104.096535663000054, 2.184186308000051 ], [ 104.096611155000062, 2.184035434000066 ], [ 104.096648901000037, 2.183884560000024 ], [ 104.096667774000082, 2.183563953000032 ], [ 104.096837631000085, 2.183469657000046 ], [ 104.097139598000069, 2.183714827000074 ], [ 104.097309455000072, 2.183790264000038 ], [ 104.097554804000083, 2.183752546000051 ], [ 104.097705787000052, 2.183714827000074 ], [ 104.097894517000043, 2.183695968000052 ], [ 104.098026628000071, 2.183601672000066 ], [ 104.098139865000064, 2.183488516000068 ], [ 104.098441833000038, 2.183073612000044 ], [ 104.099177878000035, 2.182526693000057 ], [ 104.09938548100007, 2.182507834000035 ], [ 104.099687449000044, 2.182470115000058 ], [ 104.099895051000033, 2.182413538000048 ], [ 104.099989416000085, 2.182338101000028 ], [ 104.100348002000032, 2.18222494500003 ], [ 104.100442367000085, 2.182847301000038 ], [ 104.100385748000065, 2.183073612000044 ], [ 104.100329129000045, 2.18324334600004 ], [ 104.100329129000045, 2.183507375000033 ], [ 104.100348002000032, 2.183714827000074 ], [ 104.100517859000036, 2.18405429400002 ], [ 104.100612224000088, 2.184299464000048 ], [ 104.100763208000046, 2.184563493000041 ], [ 104.101046302000043, 2.18475208600006 ], [ 104.101159540000083, 2.184789804000047 ], [ 104.101348269000084, 2.184808664000059 ], [ 104.101593618000038, 2.184808664000059 ], [ 104.101782348000086, 2.184827523000024 ], [ 104.101933331000055, 2.184959538000044 ], [ 104.10208431500007, 2.185129271000051 ], [ 104.102235299000085, 2.185299004000058 ], [ 104.102424028000087, 2.18548759600003 ], [ 104.102612758000078, 2.185506456000041 ], [ 104.102820361000056, 2.185506456000041 ], [ 104.103027963000045, 2.185431019000021 ], [ 104.103197820000048, 2.185431019000021 ], [ 104.103348804000063, 2.185468737000065 ], [ 104.103518660000077, 2.185544174000029 ] ] ], [ [ [ 104.062214477000055, 2.234866862000047 ], [ 104.061442222000039, 2.235028446000058 ], [ 104.061266453000087, 2.232393927000032 ], [ 104.060036076000074, 2.230813213000033 ], [ 104.05810262600005, 2.230813213000033 ], [ 104.056344944000045, 2.230813213000033 ], [ 104.05493879900007, 2.230988848000038 ], [ 104.053532654000037, 2.230637578000028 ], [ 104.051423435000061, 2.230286308000075 ], [ 104.052653813000063, 2.228881227000045 ], [ 104.053532654000037, 2.227124874000026 ], [ 104.054411494000078, 2.225544154000033 ], [ 104.055466104000061, 2.224139069000046 ], [ 104.056696481000074, 2.223963433000051 ], [ 104.058805699000061, 2.222909618000074 ], [ 104.060211844000037, 2.222207074000039 ], [ 104.060739149000085, 2.220626349000042 ], [ 104.061090685000067, 2.218869986000072 ], [ 104.062145294000061, 2.218518714000027 ], [ 104.063199903000054, 2.219572532000029 ], [ 104.06566065800007, 2.218518714000027 ], [ 104.067066803000046, 2.21781616800007 ], [ 104.069527558000061, 2.217289258000051 ], [ 104.071285240000066, 2.217113621000067 ], [ 104.072691385000041, 2.216235438000069 ], [ 104.073394458000053, 2.215005981000047 ], [ 104.073745994000035, 2.213600885000062 ], [ 104.073745994000035, 2.212547063000045 ], [ 104.074449067000046, 2.211317602000065 ], [ 104.074976372000037, 2.209385591000057 ], [ 104.074976372000037, 2.207629215000054 ], [ 104.074976372000037, 2.205345922000049 ], [ 104.074624835000066, 2.203940818000035 ], [ 104.073570226000072, 2.201657520000026 ], [ 104.072515617000079, 2.199549857000022 ], [ 104.071285240000066, 2.196563997000055 ], [ 104.073745994000035, 2.198847302000047 ], [ 104.074624835000066, 2.199725496000042 ], [ 104.075503676000039, 2.200252412000054 ], [ 104.076558285000033, 2.200428050000028 ], [ 104.077788662000046, 2.200779327000021 ], [ 104.079019040000048, 2.20095496600004 ], [ 104.079897881000079, 2.199901135000061 ], [ 104.080717101000062, 2.200047547000054 ], [ 104.081221063000044, 2.199328131000073 ], [ 104.082084999000074, 2.199615897000058 ], [ 104.082660956000041, 2.198752598000056 ], [ 104.083380903000034, 2.198680656000022 ], [ 104.084028855000042, 2.198752598000056 ], [ 104.084532817000081, 2.198968423000053 ], [ 104.085252764000074, 2.198824540000032 ], [ 104.08647667300005, 2.198105123000062 ], [ 104.086908641000036, 2.19781735600003 ], [ 104.087412603000075, 2.197673473000066 ], [ 104.087916566000047, 2.196450464000065 ], [ 104.088420528000086, 2.195874930000059 ], [ 104.089356459000044, 2.19522745300003 ], [ 104.090004410000063, 2.195515221000051 ], [ 104.089428453000039, 2.195946871000046 ], [ 104.089428453000039, 2.196450464000065 ], [ 104.089644437000061, 2.19659434700003 ], [ 104.090076405000048, 2.197025998000072 ], [ 104.090004410000063, 2.197529590000045 ], [ 104.089356459000044, 2.198177065000039 ], [ 104.088564517000066, 2.198752598000056 ], [ 104.087844571000062, 2.19889648100002 ], [ 104.087196619000053, 2.19889648100002 ], [ 104.086692657000071, 2.199400073000049 ], [ 104.086548667000045, 2.19997560500002 ], [ 104.086836646000052, 2.200910846000056 ], [ 104.08647667300005, 2.201342495000063 ], [ 104.086620662000087, 2.202061910000054 ], [ 104.086908641000036, 2.202565500000048 ], [ 104.086620662000087, 2.20364462200007 ], [ 104.085972710000078, 2.20443597700006 ], [ 104.085396753000055, 2.20522733200005 ], [ 104.085108774000048, 2.206090627000037 ], [ 104.084532817000081, 2.20681004000005 ], [ 104.083956860000058, 2.207241687000021 ], [ 104.083164919000069, 2.207745276000026 ], [ 104.082588962000045, 2.208320805000028 ], [ 104.081941010000037, 2.20889633500002 ], [ 104.08136505300007, 2.209759628000029 ], [ 104.081149069000048, 2.210335157000031 ], [ 104.080141144000038, 2.21270921100006 ], [ 104.079565187000071, 2.213572502000034 ], [ 104.078629256000056, 2.213500561000046 ], [ 104.077981304000048, 2.213212798000029 ], [ 104.077333353000085, 2.213140857000042 ], [ 104.076181438000049, 2.213716384000065 ], [ 104.075317502000075, 2.214435793000064 ], [ 104.074741545000052, 2.215946551000059 ], [ 104.074309577000065, 2.216809840000053 ], [ 104.074093593000043, 2.217673129000048 ], [ 104.074021599000048, 2.218320596000069 ], [ 104.074021599000048, 2.218896121000057 ], [ 104.074525561000087, 2.219543587000032 ], [ 104.071861759000058, 2.220406874000048 ], [ 104.071717770000078, 2.220047171000033 ], [ 104.070565856000087, 2.220550755000033 ], [ 104.069701920000057, 2.221126280000021 ], [ 104.069341947000055, 2.221845685000062 ], [ 104.069125963000033, 2.222493150000048 ], [ 104.067614075000051, 2.223644197000056 ], [ 104.067110113000069, 2.224723303000076 ], [ 104.066822134000063, 2.225586588000056 ], [ 104.066102188000059, 2.226305991000061 ], [ 104.065526230000046, 2.226953454000068 ], [ 104.06531024700007, 2.227672856000027 ], [ 104.065238252000086, 2.229327481000041 ], [ 104.065454236000051, 2.229759122000075 ], [ 104.065886204000037, 2.230190762000063 ], [ 104.066318172000081, 2.231341804000067 ], [ 104.064158332000034, 2.23328418400007 ], [ 104.063654370000052, 2.23328418400007 ], [ 104.062214477000055, 2.234866862000047 ] ] ], [ [ [ 104.093212320000077, 2.318134099000076 ], [ 104.092388407000044, 2.313194656000064 ], [ 104.094310871000062, 2.312920242000075 ], [ 104.094860147000077, 2.310450513000035 ], [ 104.094585509000069, 2.306883120000066 ], [ 104.094036234000043, 2.300845973000037 ], [ 104.096507974000076, 2.298925057000076 ], [ 104.098979714000052, 2.296455304000062 ], [ 104.101726092000035, 2.294808800000055 ], [ 104.104197832000068, 2.29371112900003 ], [ 104.106944209000062, 2.290966949000051 ], [ 104.109141312000077, 2.290966949000051 ], [ 104.111063776000037, 2.290692531000047 ], [ 104.110239863000061, 2.289046020000058 ], [ 104.109965225000053, 2.287125088000039 ], [ 104.114084792000085, 2.285204154000041 ], [ 104.117105807000087, 2.284106476000034 ], [ 104.121225374000062, 2.283283217000076 ], [ 104.125070303000086, 2.282734377000054 ], [ 104.128640594000046, 2.281087858000035 ], [ 104.131112334000079, 2.281911118000039 ], [ 104.134957263000047, 2.284655315000066 ], [ 104.136055814000088, 2.28630183100006 ], [ 104.135506539000062, 2.287673926000025 ], [ 104.135231901000054, 2.290692531000047 ], [ 104.137154366000061, 2.291241367000055 ], [ 104.140175381000063, 2.290143694000051 ], [ 104.143471035000061, 2.289320439000051 ], [ 104.144294948000038, 2.291515786000048 ], [ 104.143196397000054, 2.295357635000073 ], [ 104.14209784600007, 2.298925057000076 ], [ 104.138802192000071, 2.303864550000071 ], [ 104.136879728000054, 2.306059874000027 ], [ 104.134957263000047, 2.307980780000037 ], [ 104.133034799000086, 2.309901684000067 ], [ 104.130288421000046, 2.311822585000073 ], [ 104.124246390000053, 2.314292311000031 ], [ 104.121774650000077, 2.315389966000055 ], [ 104.111063776000037, 2.317036446000031 ], [ 104.108042761000036, 2.316762033000032 ], [ 104.106120296000086, 2.315115552000066 ], [ 104.104197832000068, 2.313194656000064 ], [ 104.100627540000062, 2.315389966000055 ], [ 104.098979714000052, 2.315938793000043 ], [ 104.096233336000068, 2.315938793000043 ], [ 104.094585509000069, 2.315938793000043 ], [ 104.093212320000077, 2.318134099000076 ] ] ], [ [ [ 103.976243869000086, 2.459099277000064 ], [ 103.975568919000068, 2.459436441000037 ], [ 103.97410652800005, 2.458649724000054 ], [ 103.973431578000088, 2.457975396000052 ], [ 103.972644137000088, 2.457413455000051 ], [ 103.972644137000088, 2.456514349000031 ], [ 103.973544070000059, 2.45595240800003 ], [ 103.974219020000078, 2.455278078000049 ], [ 103.974781478000068, 2.454266582000059 ], [ 103.975006461000078, 2.453479863000041 ], [ 103.974781478000068, 2.453142697000033 ], [ 103.975006461000078, 2.452243589000034 ], [ 103.97410652800005, 2.449658648000025 ], [ 103.974219020000078, 2.44853475900004 ], [ 103.974556495000058, 2.447298480000029 ], [ 103.97489396900005, 2.445725033000031 ], [ 103.975343936000058, 2.443926805000046 ], [ 103.975793903000067, 2.442802911000058 ], [ 103.975681411000039, 2.440442732000065 ], [ 103.975343936000058, 2.439431225000021 ], [ 103.975006461000078, 2.438307327000075 ], [ 103.975006461000078, 2.436733869000022 ], [ 103.975456428000086, 2.435385190000034 ], [ 103.976131377000058, 2.434486069000059 ], [ 103.976918819000048, 2.433249777000071 ], [ 103.977818752000076, 2.432013485000027 ], [ 103.978831177000075, 2.430664800000045 ], [ 103.979731110000046, 2.429316114000073 ], [ 103.980743534000055, 2.428641771000059 ], [ 103.983105859000034, 2.428529380000043 ], [ 103.985693166000033, 2.427517865000027 ], [ 103.98681808300006, 2.42695591100005 ], [ 103.989067916000067, 2.426056785000071 ], [ 103.990530307000085, 2.425607222000053 ], [ 103.991880206000076, 2.424708094000039 ], [ 103.992667648000065, 2.424595704000069 ], [ 103.994917481000073, 2.426281566000057 ], [ 103.995929905000082, 2.426731130000064 ], [ 103.996604855000044, 2.427630255000054 ], [ 103.997504788000072, 2.428416990000073 ], [ 103.996829838000053, 2.429091333000031 ], [ 103.996379872000034, 2.430215238000073 ], [ 103.994355022000036, 2.431451533000029 ], [ 103.993792564000046, 2.432800216000032 ], [ 103.993230106000055, 2.433699338000054 ], [ 103.992330173000084, 2.434261289000062 ], [ 103.991655223000066, 2.43560997000003 ], [ 103.991205257000047, 2.437183429000072 ], [ 103.989405390000059, 2.438082548000068 ], [ 103.989292899000077, 2.439768394000055 ], [ 103.989630374000058, 2.441117069000029 ], [ 103.988842932000068, 2.442016185000057 ], [ 103.987830508000059, 2.442802911000058 ], [ 103.986705591000032, 2.443702026000039 ], [ 103.98603064100007, 2.445050698000045 ], [ 103.985018217000061, 2.446848924000051 ], [ 103.984905725000033, 2.448309981000023 ], [ 103.983555825000053, 2.450445369000022 ], [ 103.982543401000044, 2.451456868000037 ], [ 103.981081009000036, 2.452131200000053 ], [ 103.979618618000075, 2.453142697000033 ], [ 103.978606193000076, 2.454154194000068 ], [ 103.978268718000038, 2.455278078000049 ], [ 103.978268718000038, 2.45640196100004 ], [ 103.978493702000037, 2.457525843000042 ], [ 103.977818752000076, 2.458087784000043 ], [ 103.977031311000076, 2.457863008000061 ], [ 103.976468852000039, 2.45775062000007 ], [ 103.976243869000086, 2.459099277000064 ] ] ], [ [ [ 104.523536769000088, 2.460173987000076 ], [ 104.524239842000043, 2.461052018000032 ], [ 104.524591378000082, 2.462632471000063 ], [ 104.523361001000069, 2.464212923000048 ], [ 104.521076014000073, 2.465442162000045 ], [ 104.51984563700006, 2.467373821000024 ], [ 104.518439492000084, 2.469305477000034 ], [ 104.516857578000042, 2.470007896000027 ], [ 104.515099896000038, 2.471061525000039 ], [ 104.514045287000044, 2.472290758000042 ], [ 104.511936069000058, 2.472817572000054 ], [ 104.511232996000047, 2.471412735000058 ], [ 104.512463374000049, 2.470007896000027 ], [ 104.511057228000084, 2.469305477000034 ], [ 104.507541865000064, 2.468427452000071 ], [ 104.50578418300006, 2.467549426000062 ], [ 104.504378037000038, 2.465617767000026 ], [ 104.502620355000033, 2.46403731700002 ], [ 104.500686905000066, 2.462632471000063 ], [ 104.499280760000033, 2.461052018000032 ], [ 104.498577687000079, 2.458769137000047 ], [ 104.498577687000079, 2.457013072000052 ], [ 104.500335369000084, 2.455783825000026 ], [ 104.503147660000081, 2.45437897100004 ], [ 104.503323428000044, 2.453149721000045 ], [ 104.502971892000062, 2.451569257000074 ], [ 104.502093051000088, 2.450164397000037 ], [ 104.501741515000049, 2.448583929000051 ], [ 104.501917283000068, 2.44700345900003 ], [ 104.502093051000088, 2.445247379000023 ], [ 104.502796124000042, 2.444193729000062 ], [ 104.50244458700007, 2.44243764600003 ], [ 104.503323428000044, 2.441735211000037 ], [ 104.504729574000066, 2.44243764600003 ], [ 104.50578418300006, 2.442964471000039 ], [ 104.508420705000049, 2.442964471000039 ], [ 104.510002619000034, 2.442964471000039 ], [ 104.511760301000038, 2.442262037000035 ], [ 104.514045287000044, 2.441032777000032 ], [ 104.515451433000067, 2.439803515000051 ], [ 104.516154505000088, 2.438749862000066 ], [ 104.516154505000088, 2.437344989000053 ], [ 104.516857578000042, 2.435588897000059 ], [ 104.517209114000082, 2.434008411000036 ], [ 104.518966796000086, 2.431549874000041 ], [ 104.519142564000049, 2.429266943000073 ], [ 104.519494101000078, 2.42733523000004 ], [ 104.522833696000077, 2.42593034500004 ], [ 104.525470219000056, 2.42593034500004 ], [ 104.528985583000065, 2.426281566000057 ], [ 104.531797873000073, 2.428564502000029 ], [ 104.533907092000049, 2.43032060400003 ], [ 104.536543614000038, 2.432076704000053 ], [ 104.53794976000006, 2.43348158200007 ], [ 104.539180137000074, 2.435237678000021 ], [ 104.540058978000047, 2.437169380000057 ], [ 104.540234746000067, 2.439101080000057 ], [ 104.539883210000085, 2.443491296000047 ], [ 104.539883210000085, 2.446125419000055 ], [ 104.540762051000058, 2.448759537000058 ], [ 104.54128935500006, 2.45121804200005 ], [ 104.541640892000032, 2.453149721000045 ], [ 104.539707442000065, 2.455432612000038 ], [ 104.53812552800008, 2.45613503900006 ], [ 104.536192078000056, 2.45631064600002 ], [ 104.532852483000056, 2.458417924000059 ], [ 104.530391728000041, 2.459120350000035 ], [ 104.528809814000056, 2.459471562000033 ], [ 104.52722790100006, 2.45859353000003 ], [ 104.525294451000036, 2.458066711000072 ], [ 104.523536769000088, 2.460173987000076 ] ] ], [ [ [ 103.959118142000079, 2.480586438000046 ], [ 103.958380917000056, 2.480632472000025 ], [ 103.958380917000056, 2.480080071000032 ], [ 103.958012305000068, 2.479803870000069 ], [ 103.957735845000059, 2.479527670000039 ], [ 103.957735845000059, 2.479113369000061 ], [ 103.957505462000086, 2.478791135000051 ], [ 103.95713685000004, 2.478514934000032 ], [ 103.956860390000088, 2.478284766000058 ], [ 103.956630007000058, 2.47791649800007 ], [ 103.956583931000068, 2.477179962000037 ], [ 103.957090773000061, 2.476811694000048 ], [ 103.957275079000055, 2.476627560000054 ], [ 103.957551539000065, 2.476305325000055 ], [ 103.957827998000084, 2.475891023000031 ], [ 103.957920152000042, 2.475384654000038 ], [ 103.958012305000068, 2.474878285000045 ], [ 103.958288764000088, 2.474510016000067 ], [ 103.958749530000034, 2.474141747000033 ], [ 103.959348525000053, 2.474095713000054 ], [ 103.959947521000061, 2.47391157900006 ], [ 103.960316133000049, 2.473865545000024 ], [ 103.960730823000063, 2.473727444000076 ], [ 103.960730823000063, 2.473451242000067 ], [ 103.960961205000046, 2.473313141000062 ], [ 103.961191588000077, 2.473497276000046 ], [ 103.961237665000056, 2.473819511000045 ], [ 103.96137589500006, 2.474233814000058 ], [ 103.961606277000044, 2.474371915000063 ], [ 103.961698431000059, 2.474371915000063 ], [ 103.962205273000052, 2.474371915000063 ], [ 103.962389579000046, 2.474279848000037 ], [ 103.963126804000069, 2.474233814000058 ], [ 103.963633647000051, 2.474233814000058 ], [ 103.964094412000065, 2.474602083000036 ], [ 103.964370872000075, 2.474924318000035 ], [ 103.964463025000043, 2.475476721000064 ], [ 103.964739484000063, 2.475937057000067 ], [ 103.964785561000042, 2.476305325000055 ], [ 103.964831638000078, 2.476949795000053 ], [ 103.964370872000075, 2.477087895000068 ], [ 103.964140489000044, 2.477502197000035 ], [ 103.963817953000046, 2.477778398000055 ], [ 103.963633647000051, 2.477594264000061 ], [ 103.963218958000084, 2.478008565000039 ], [ 103.962896422000085, 2.478422867000063 ], [ 103.96257388500004, 2.478975268000056 ], [ 103.96280426800007, 2.47943560300007 ], [ 103.962896422000085, 2.479988004000063 ], [ 103.962666039000055, 2.479895937000038 ], [ 103.962297426000077, 2.479803870000069 ], [ 103.961928813000043, 2.479757837000022 ], [ 103.961468048000086, 2.479941971000073 ], [ 103.961099435000051, 2.479895937000038 ], [ 103.960592593000058, 2.480034037000053 ], [ 103.960131827000055, 2.480218171000047 ], [ 103.959671061000051, 2.480218171000047 ], [ 103.959118142000079, 2.480586438000046 ] ] ], [ [ [ 104.503147660000081, 2.478436904000034 ], [ 104.502971892000062, 2.480192940000052 ], [ 104.501389978000077, 2.481773371000031 ], [ 104.495589628000062, 2.476329657000065 ], [ 104.492953106000073, 2.473695594000048 ], [ 104.492777337000064, 2.471763944000031 ], [ 104.494007715000066, 2.470885921000047 ], [ 104.496644237000055, 2.470885921000047 ], [ 104.498401919000059, 2.47158833900005 ], [ 104.500335369000084, 2.47158833900005 ], [ 104.501389978000077, 2.471061525000039 ], [ 104.505081110000049, 2.471412735000058 ], [ 104.507541865000064, 2.473344385000075 ], [ 104.508420705000049, 2.474398011000062 ], [ 104.509651083000051, 2.474924824000027 ], [ 104.511584533000075, 2.475802845000032 ], [ 104.512814910000088, 2.476329657000065 ], [ 104.513166446000071, 2.477558885000064 ], [ 104.512639142000069, 2.478612508000026 ], [ 104.511936069000058, 2.479139319000069 ], [ 104.510881460000064, 2.478612508000026 ], [ 104.509826851000071, 2.477558885000064 ], [ 104.508772242000077, 2.47685646900004 ], [ 104.506311487000062, 2.47685646900004 ], [ 104.504729574000066, 2.47685646900004 ], [ 104.503147660000081, 2.478436904000034 ] ] ], [ [ [ 103.847328455000081, 2.481014765000054 ], [ 103.847328455000081, 2.48168908100007 ], [ 103.847103471000082, 2.482138626000051 ], [ 103.846541013000035, 2.482700556000054 ], [ 103.845753572000035, 2.483487258000025 ], [ 103.845303605000083, 2.484273960000053 ], [ 103.845191113000055, 2.48539781900007 ], [ 103.844853639000064, 2.486184519000062 ], [ 103.843841214000065, 2.486296905000074 ], [ 103.843053772000076, 2.486634062000064 ], [ 103.842378823000047, 2.487195990000032 ], [ 103.842491314000085, 2.487870304000069 ], [ 103.841703873000085, 2.487870304000069 ], [ 103.840803940000058, 2.487083605000066 ], [ 103.840128990000039, 2.485959748000028 ], [ 103.840466465000077, 2.48539781900007 ], [ 103.840578956000058, 2.484835889000067 ], [ 103.840578956000058, 2.484273960000053 ], [ 103.839904007000086, 2.483599644000037 ], [ 103.839454040000078, 2.483037714000034 ], [ 103.838891582000088, 2.482026240000039 ], [ 103.83855410700005, 2.481014765000054 ], [ 103.837766665000061, 2.479328971000029 ], [ 103.837766665000061, 2.478654652000046 ], [ 103.83911656500004, 2.478205107000065 ], [ 103.839904007000086, 2.478205107000065 ], [ 103.841253906000077, 2.478205107000065 ], [ 103.841928856000038, 2.47831749300002 ], [ 103.842941281000037, 2.478767039000047 ], [ 103.843953705000047, 2.479104198000073 ], [ 103.844741147000036, 2.479104198000073 ], [ 103.845641080000064, 2.478767039000047 ], [ 103.846316030000082, 2.477980334000051 ], [ 103.846765996000045, 2.476968856000042 ], [ 103.847328455000081, 2.476294536000069 ], [ 103.848565863000033, 2.476182150000056 ], [ 103.849465796000061, 2.476182150000056 ], [ 103.850365729000032, 2.476182150000056 ], [ 103.851490645000069, 2.475620217000028 ], [ 103.85239057800004, 2.47528305700007 ], [ 103.853178020000087, 2.475395443000025 ], [ 103.853740478000077, 2.475507830000026 ], [ 103.853515494000078, 2.476519309000025 ], [ 103.853065528000059, 2.477530788000024 ], [ 103.85239057800004, 2.478542266000034 ], [ 103.85182812000005, 2.479216584000028 ], [ 103.850815695000051, 2.480565220000074 ], [ 103.850365729000032, 2.481014765000054 ], [ 103.849690779000071, 2.480677606000029 ], [ 103.848903337000081, 2.480452833000072 ], [ 103.848003404000053, 2.480452833000072 ], [ 103.847328455000081, 2.481014765000054 ] ] ], [ [ [ 103.949395985000081, 2.494672583000067 ], [ 103.949303832000055, 2.494856714000036 ], [ 103.948658760000058, 2.495086879000041 ], [ 103.948151918000065, 2.495639273000052 ], [ 103.947322539000083, 2.494856714000036 ], [ 103.947506846000067, 2.494212254000047 ], [ 103.947598999000036, 2.493890023000063 ], [ 103.947645076000072, 2.493567793000068 ], [ 103.947552922000057, 2.493153496000048 ], [ 103.947368616000063, 2.492693166000038 ], [ 103.947322539000083, 2.492140770000049 ], [ 103.947322539000083, 2.491726473000028 ], [ 103.947783305000087, 2.491266143000075 ], [ 103.948059765000039, 2.490989945000024 ], [ 103.948336224000059, 2.49066771400004 ], [ 103.948704837000037, 2.49029944900002 ], [ 103.949027373000035, 2.490023251000025 ], [ 103.949395985000081, 2.489839119000067 ], [ 103.949764598000058, 2.489654986000062 ], [ 103.950271440000051, 2.489654986000062 ], [ 103.950686129000076, 2.489424821000057 ], [ 103.951054742000053, 2.489194656000052 ], [ 103.951146895000079, 2.488826391000032 ], [ 103.951331201000073, 2.488504159000058 ], [ 103.951791967000077, 2.488412093000022 ], [ 103.952575269000079, 2.488043828000059 ], [ 103.953128188000051, 2.487721596000029 ], [ 103.954003643000078, 2.488181927000028 ], [ 103.954740868000044, 2.488181927000028 ], [ 103.955063404000043, 2.488366060000033 ], [ 103.955155557000069, 2.488826391000032 ], [ 103.955247710000037, 2.489424821000057 ], [ 103.955339863000063, 2.490023251000025 ], [ 103.955385940000042, 2.490483582000024 ], [ 103.955385940000042, 2.490897879000045 ], [ 103.955201634000048, 2.491266143000075 ], [ 103.954925174000039, 2.491450275000034 ], [ 103.954648715000076, 2.491772506000075 ], [ 103.95455656200005, 2.492232836000028 ], [ 103.95455656200005, 2.492877298000053 ], [ 103.954372255000067, 2.493245562000027 ], [ 103.954280102000041, 2.493521760000021 ], [ 103.954141872000037, 2.493936056000052 ], [ 103.953819336000038, 2.494166221000057 ], [ 103.953450724000049, 2.494304319000037 ], [ 103.953082111000072, 2.494396385000073 ], [ 103.952529192000043, 2.494626550000021 ], [ 103.952206656000044, 2.494856714000036 ], [ 103.951976273000071, 2.495178945000021 ], [ 103.951884120000045, 2.495409109000036 ], [ 103.951561584000046, 2.495455142000026 ], [ 103.951239048000048, 2.495409109000036 ], [ 103.950916512000049, 2.495178945000021 ], [ 103.95059397600005, 2.494718616000057 ], [ 103.950363593000077, 2.494534484000042 ], [ 103.949902828000063, 2.494350352000026 ], [ 103.949395985000081, 2.494672583000067 ] ] ], [ [ [ 104.321539195000071, 2.597828223000022 ], [ 104.320459275000076, 2.598259747000043 ], [ 104.319451350000065, 2.598403588000053 ], [ 104.316715553000051, 2.59775630300004 ], [ 104.315851618000067, 2.597180937000076 ], [ 104.315131671000074, 2.596461730000044 ], [ 104.314339730000086, 2.596317889000034 ], [ 104.312827842000047, 2.596102126000062 ], [ 104.311891912000078, 2.595958285000052 ], [ 104.310883987000068, 2.595095235000031 ], [ 104.309948057000042, 2.594160265000028 ], [ 104.309516089000056, 2.593584897000028 ], [ 104.309732073000077, 2.593081451000046 ], [ 104.310164040000075, 2.592578004000075 ], [ 104.31038002400004, 2.591858795000064 ], [ 104.310236035000059, 2.590708058000075 ], [ 104.310308030000044, 2.589629242000058 ], [ 104.310739998000088, 2.589053873000069 ], [ 104.311315955000055, 2.588622346000022 ], [ 104.311531939000076, 2.587040079000076 ], [ 104.311171966000074, 2.586177023000062 ], [ 104.31124396000007, 2.585457810000037 ], [ 104.311891912000078, 2.584522832000061 ], [ 104.311675928000057, 2.583803617000058 ], [ 104.312611858000082, 2.583156324000072 ], [ 104.313259810000034, 2.583156324000072 ], [ 104.314123746000064, 2.583300167000061 ], [ 104.314843693000057, 2.583300167000061 ], [ 104.315347655000039, 2.583228246000033 ], [ 104.315851618000067, 2.582652874000075 ], [ 104.316499569000086, 2.581789815000036 ], [ 104.317147521000038, 2.580854834000036 ], [ 104.317651484000066, 2.579847931000074 ], [ 104.318155446000048, 2.578841027000067 ], [ 104.318443425000055, 2.57790604500002 ], [ 104.318803398000057, 2.576755295000055 ], [ 104.318875393000042, 2.57582031100003 ], [ 104.318587414000035, 2.575173014000029 ], [ 104.318731403000072, 2.574309950000043 ], [ 104.318587414000035, 2.573374964000038 ], [ 104.318659409000077, 2.572727665000059 ], [ 104.320891243000062, 2.571433067000044 ], [ 104.321683184000051, 2.57164883400003 ], [ 104.322187147000079, 2.571720756000047 ], [ 104.32333906100007, 2.571504989000061 ], [ 104.324634965000087, 2.570857690000025 ], [ 104.325426906000075, 2.570857690000025 ], [ 104.325930868000057, 2.570426157000043 ], [ 104.326578820000066, 2.569994623000071 ], [ 104.326938793000068, 2.569563090000031 ], [ 104.327586745000076, 2.568843867000055 ], [ 104.328018713000063, 2.567765032000068 ], [ 104.328090708000047, 2.567045808000046 ], [ 104.328666665000071, 2.566686196000035 ], [ 104.32945860600006, 2.566254662000063 ], [ 104.329674590000081, 2.565607360000058 ], [ 104.330394536000085, 2.564816212000039 ], [ 104.33046653100007, 2.564168909000045 ], [ 104.331402461000039, 2.563809296000045 ], [ 104.332338392000054, 2.563737374000027 ], [ 104.332554376000076, 2.563449683000044 ], [ 104.332986344000062, 2.562802380000051 ], [ 104.333418311000059, 2.562514689000068 ], [ 104.333994269000073, 2.562298921000036 ], [ 104.334786210000061, 2.56208315300006 ], [ 104.33557815100005, 2.562226999000075 ], [ 104.335650145000045, 2.562370844000043 ], [ 104.336370092000038, 2.562874302000068 ], [ 104.337234028000069, 2.563018148000026 ], [ 104.337881980000077, 2.563377761000027 ], [ 104.338745915000061, 2.56366545100002 ], [ 104.339393867000069, 2.56366545100002 ], [ 104.340617776000045, 2.563305838000076 ], [ 104.34169769600004, 2.56395314100007 ], [ 104.341913680000062, 2.564600444000064 ], [ 104.341481712000075, 2.565391592000026 ], [ 104.341769690000035, 2.565966972000069 ], [ 104.342273653000063, 2.566901964000067 ], [ 104.342633626000065, 2.568052722000061 ], [ 104.343353573000059, 2.568124644000022 ], [ 104.343641551000076, 2.568124644000022 ], [ 104.345009450000077, 2.568843867000055 ], [ 104.345369423000079, 2.569922701000053 ], [ 104.346161364000068, 2.57215228900003 ], [ 104.346017375000088, 2.572439977000045 ], [ 104.345873385000061, 2.573159198000042 ], [ 104.345729396000081, 2.573878418000049 ], [ 104.345153439000057, 2.57502917000005 ], [ 104.344577482000034, 2.575388780000026 ], [ 104.344145514000047, 2.575964155000065 ], [ 104.344145514000047, 2.576539530000048 ], [ 104.344217508000042, 2.57725874800002 ], [ 104.34356955700008, 2.577618357000063 ], [ 104.343065594000052, 2.577977966000049 ], [ 104.34256163200007, 2.578912949000028 ], [ 104.341409717000033, 2.579128714000035 ], [ 104.341265728000053, 2.579632166000067 ], [ 104.34155370700006, 2.580495226000039 ], [ 104.340905755000051, 2.580854834000036 ], [ 104.34040179200008, 2.580854834000036 ], [ 104.339609851000034, 2.581214442000032 ], [ 104.338817910000046, 2.581502129000057 ], [ 104.337953974000072, 2.581430207000039 ], [ 104.336946049000062, 2.580782913000064 ], [ 104.33658607600006, 2.581214442000032 ], [ 104.336226103000058, 2.580998678000071 ], [ 104.335650145000045, 2.580782913000064 ], [ 104.335146183000063, 2.581070599000043 ], [ 104.33442623600007, 2.581789815000036 ], [ 104.334282247000033, 2.582437109000068 ], [ 104.334138258000053, 2.583012481000026 ], [ 104.333706290000066, 2.58358785300004 ], [ 104.333922274000088, 2.584019382000065 ], [ 104.334570226000039, 2.584522832000061 ], [ 104.334642220000035, 2.585170124000058 ], [ 104.334642220000035, 2.586033181000062 ], [ 104.333850279000046, 2.586392787000023 ], [ 104.333490306000044, 2.58660855100004 ], [ 104.333058338000058, 2.587040079000076 ], [ 104.332986344000062, 2.587759291000054 ], [ 104.333562301000086, 2.58898195200004 ], [ 104.334210253000037, 2.589773084000058 ], [ 104.334858204000057, 2.590132690000075 ], [ 104.336010119000036, 2.590204611000047 ], [ 104.336010119000036, 2.590492295000047 ], [ 104.335290172000043, 2.590995742000075 ], [ 104.334714215000076, 2.591643032000036 ], [ 104.33442623600007, 2.592362242000036 ], [ 104.334066263000068, 2.592937609000046 ], [ 104.333418311000059, 2.593153372000074 ], [ 104.332410386000049, 2.594160265000028 ], [ 104.331834429000082, 2.594519869000067 ], [ 104.330970493000052, 2.595023315000049 ], [ 104.329818579000062, 2.595167156000059 ], [ 104.329170627000053, 2.59495139400002 ], [ 104.327946718000078, 2.594376027000067 ], [ 104.327298766000069, 2.594304106000038 ], [ 104.326218847000064, 2.594304106000038 ], [ 104.325714884000035, 2.595239077000031 ], [ 104.325714884000035, 2.595382919000031 ], [ 104.325786879000077, 2.595526760000041 ], [ 104.326146852000079, 2.595886364000023 ], [ 104.325930868000057, 2.596389809000073 ], [ 104.324634965000087, 2.596389809000073 ], [ 104.324202997000043, 2.596533651000072 ], [ 104.323987013000078, 2.597180937000076 ], [ 104.323195072000033, 2.59761246100004 ], [ 104.322259141000075, 2.59761246100004 ], [ 104.321539195000071, 2.597828223000022 ] ] ], [ [ [ 103.38057771800004, 2.37642605700006 ], [ 103.46451195700007, 2.393481410000049 ], [ 103.534826404000057, 2.338903540000047 ], [ 103.630128629000069, 2.376063174000024 ], [ 103.62547974000006, 2.368515204000062 ], [ 103.623155295000061, 2.362128428000062 ], [ 103.624898628000039, 2.356902862000027 ], [ 103.62547974000006, 2.349935410000057 ], [ 103.62547974000006, 2.344129174000045 ], [ 103.62547974000006, 2.334839145000046 ], [ 103.62547974000006, 2.323226524000063 ], [ 103.62547974000006, 2.312194444000056 ], [ 103.626060851000034, 2.301742922000074 ], [ 103.628966406000075, 2.293033261000062 ], [ 103.629547517000049, 2.284323548000032 ], [ 103.628966406000075, 2.278517042000033 ], [ 103.623736406000035, 2.277355739000029 ], [ 103.618506406000051, 2.275033128000075 ], [ 103.613857517000042, 2.270387896000045 ], [ 103.610370850000038, 2.264581335000059 ], [ 103.613857517000042, 2.258774750000043 ], [ 103.613857517000042, 2.252968142000043 ], [ 103.561307108000051, 2.044051564000029 ], [ 103.564898904000074, 2.044350864000023 ], [ 104.05884336400004, 2.042536047000056 ], [ 104.040683641000044, 2.069758093000075 ], [ 104.030695793000064, 2.090628011000035 ], [ 104.022523918000047, 2.109682912000039 ], [ 104.018891973000052, 2.127830220000021 ], [ 104.010720098000036, 2.146884663000037 ], [ 103.998916278000081, 2.162309515000061 ], [ 103.980756556000074, 2.175919548000024 ], [ 103.964412805000052, 2.192251425000052 ], [ 103.955332944000077, 2.209490436000067 ], [ 103.953516972000045, 2.22400734200005 ], [ 103.953516972000045, 2.242153274000032 ], [ 103.962596833000077, 2.253948009000055 ], [ 103.969860722000078, 2.248504297000068 ], [ 103.977124611000079, 2.243060565000064 ], [ 103.982572528000048, 2.25122615600003 ], [ 103.975308639000048, 2.26483537200005 ], [ 103.968044750000047, 2.273000841000055 ], [ 103.948977041000035, 2.293867939000052 ], [ 103.948977041000035, 2.304755 ], [ 103.957148916000051, 2.308384002000025 ], [ 103.960780861000046, 2.313827488000072 ], [ 103.951700999000082, 2.323807157000033 ], [ 103.938989193000054, 2.336508452000032 ], [ 103.927185374000032, 2.341951829000038 ], [ 103.911749609000083, 2.351931298000068 ], [ 103.888141970000049, 2.375518851000038 ], [ 103.879062108000085, 2.387312477000023 ], [ 103.870890233000068, 2.397291619000043 ], [ 103.856362455000067, 2.422692744000074 ], [ 103.845466621000071, 2.435393128000044 ], [ 103.83366280100006, 2.439021787000058 ], [ 103.831846829000085, 2.458979237000051 ], [ 103.825490926000043, 2.473493559000076 ], [ 103.818227037000042, 2.486193460000038 ], [ 103.816411065000068, 2.500707484000031 ], [ 103.829122871000038, 2.501614605000043 ], [ 103.839110718000086, 2.50342884500003 ], [ 103.841834677000065, 2.511592896000025 ], [ 103.831846829000085, 2.520664003000036 ], [ 103.826398912000059, 2.530642149000073 ], [ 103.824582940000084, 2.54878403400005 ], [ 103.822766968000053, 2.557854881000026 ], [ 103.816411065000068, 2.571461031000069 ], [ 103.810055162000083, 2.578717585000049 ], [ 103.791895439000086, 2.592323512000064 ], [ 103.78372356400007, 2.599579947000052 ], [ 103.773735716000033, 2.611371564000024 ], [ 103.761931896000078, 2.617720850000069 ], [ 103.758299952000073, 2.628605267000069 ], [ 103.765563841000073, 2.63948958800006 ], [ 103.758299952000073, 2.650373815000023 ], [ 103.752852035000046, 2.649466799000038 ], [ 103.745588146000046, 2.634047440000074 ], [ 103.718348562000074, 2.636768517000064 ], [ 103.706544742000062, 2.641303633000064 ], [ 103.695648908000067, 2.646745750000036 ], [ 103.685661061000076, 2.653094856000052 ], [ 103.675673213000039, 2.660350938000022 ], [ 103.667501338000079, 2.664885967000032 ], [ 103.662053421000053, 2.662164952000069 ], [ 103.649341615000083, 2.657629912000061 ], [ 103.633034184000053, 2.663040031000037 ], [ 103.621876851000081, 2.656724354000062 ], [ 103.618529650000085, 2.657467376000056 ], [ 103.609231872000066, 2.663411540000027 ], [ 103.602909383000053, 2.666012103000071 ], [ 103.596958805000043, 2.663783050000063 ], [ 103.592123961000084, 2.65858190900002 ], [ 103.588404850000074, 2.649665617000039 ], [ 103.593239694000033, 2.642235325000058 ], [ 103.597702628000036, 2.63629105900003 ], [ 103.600677917000041, 2.631832841000062 ], [ 103.604768939000053, 2.632947397000066 ], [ 103.605884672000059, 2.639263195000069 ], [ 103.603653206000047, 2.644464417000052 ], [ 103.604025117000049, 2.649665617000039 ], [ 103.607744228000058, 2.650780157000042 ], [ 103.612579073000063, 2.648922590000041 ], [ 103.612207161000072, 2.642235325000058 ], [ 103.612950984000065, 2.635919541000021 ], [ 103.619273473000078, 2.631461322000064 ], [ 103.624108317000037, 2.63034676500007 ], [ 103.621133028000088, 2.628489167000055 ], [ 103.615554362000069, 2.62588852500005 ], [ 103.614438628000073, 2.619201137000061 ], [ 103.622620673000085, 2.612142188000064 ], [ 103.62671169500004, 2.609541512000021 ], [ 103.627455517000044, 2.60619777900007 ], [ 103.621876851000081, 2.60359709100004 ], [ 103.615182450000077, 2.600996398000063 ], [ 103.613322895000067, 2.598767228000042 ], [ 103.612950984000065, 2.595794995000062 ], [ 103.617785828000081, 2.593565816000023 ], [ 103.620761117000086, 2.593194286000028 ], [ 103.622992584000087, 2.591336633000026 ], [ 103.622992584000087, 2.587621320000039 ], [ 103.620389206000084, 2.585763659000065 ], [ 103.615182450000077, 2.586878256000034 ], [ 103.609231872000066, 2.58910744700006 ], [ 103.604768939000053, 2.587621320000039 ], [ 103.600677917000041, 2.582791396000061 ], [ 103.599190272000044, 2.578332988000057 ], [ 103.598074539000038, 2.570159201000024 ], [ 103.603281294000055, 2.567186901000071 ], [ 103.606628495000052, 2.569787663000056 ], [ 103.60811613900006, 2.57610377900005 ], [ 103.611463339000068, 2.577961454000047 ], [ 103.615182450000077, 2.57610377900005 ], [ 103.615926273000071, 2.573131493000062 ], [ 103.614438628000073, 2.568673052000065 ], [ 103.616670095000075, 2.564586133000034 ], [ 103.618157739000083, 2.559384582000064 ], [ 103.615554362000069, 2.557155339000076 ], [ 103.612950984000065, 2.559384582000064 ], [ 103.612579073000063, 2.563471517000039 ], [ 103.61183525000007, 2.566072287000054 ], [ 103.60811613900006, 2.564214595000067 ], [ 103.600677917000041, 2.559756122000067 ], [ 103.596586894000041, 2.556783799000073 ], [ 103.593611605000035, 2.553439926000067 ], [ 103.593239694000033, 2.548609873000032 ], [ 103.596586894000041, 2.543779802000074 ], [ 103.593983516000037, 2.53634888800002 ], [ 103.591008227000032, 2.529661028000021 ], [ 103.593611605000035, 2.527060185000039 ], [ 103.597702628000036, 2.528174833000037 ], [ 103.602537472000051, 2.53077567400004 ], [ 103.60811613900006, 2.530032577000043 ], [ 103.612579073000063, 2.529289479000056 ], [ 103.617042006000077, 2.53189031900007 ], [ 103.621876851000081, 2.533004962000064 ], [ 103.623364495000033, 2.531147222000072 ], [ 103.620017295000082, 2.527431734000061 ], [ 103.618529650000085, 2.524087786000052 ], [ 103.618157739000083, 2.519257623000044 ], [ 103.620761117000086, 2.515170548000071 ], [ 103.625224051000032, 2.511455015000024 ], [ 103.627455517000044, 2.506996360000073 ], [ 103.629315073000043, 2.498079006000069 ], [ 103.628571251000039, 2.493248747000052 ], [ 103.630430806000049, 2.488790031000065 ], [ 103.633778006000057, 2.487675350000075 ], [ 103.638612851000062, 2.488418471000045 ], [ 103.635265651000054, 2.47801473800007 ], [ 103.630058895000047, 2.47318440600003 ], [ 103.628943162000041, 2.468725622000022 ], [ 103.627083606000042, 2.465381524000065 ], [ 103.621133028000088, 2.463523688000066 ], [ 103.617785828000081, 2.463523688000066 ], [ 103.614438628000073, 2.465381524000065 ], [ 103.612207161000072, 2.46984031900007 ], [ 103.610719517000064, 2.472812841000064 ], [ 103.607744228000058, 2.467610924000041 ], [ 103.608488050000062, 2.464638390000061 ], [ 103.609231872000066, 2.459064872000056 ], [ 103.472368579000033, 2.52557398600004 ], [ 103.464186535000067, 2.53709198100006 ], [ 103.455632579000053, 2.548238330000061 ], [ 103.447078623000039, 2.554183010000031 ], [ 103.44224377900008, 2.556412258000023 ], [ 103.435921290000067, 2.558269961000065 ], [ 103.428483067000059, 2.56012766200007 ], [ 103.41621, 2.558269961000065 ], [ 103.354844665000087, 2.591708164000067 ], [ 103.28855210200004, 2.577741797000044 ], [ 103.38057771800004, 2.37642605700006 ] ] ] ] } }
]
}
