{
  "type": "FeatureCollection",
  "generator": "overpass-turbo",
  "copyright": "The data included in this document is from www.openstreetmap.org. The data is made available under ODbL.",
  "timestamp": "2026-10-04T09:15:21Z",
  "features": [
    {
      "type": "Feature",
      "properties": {
        "@id": "node/185632242",
        "amenity": "clinic",
        "healthcare": "clinic",
        "name": "Klinik Mahkota",
        "name:ms": "Klinik Mahkota",
        "opening_hours": "24/7"
      },
      "geometry": {
        "type": "Point",
        "coordinates": [
          102.8108668,
          2.5166512
        ]
      },
      "id": "node/185632242"
    },
    {
      "type": "Feature",
      "properties": {
        "@id": "way/223351221",
        "amenity": "hospital",
        "healthcare": "hospital",
        "name": "D15 PKU",
        "@geometry": "center"
      },
      "geometry": {
        "type": "Point",
        "coordinates": [
          103.0842182,
          1.856595
        ]
      },
      "id": "way/223351221"
    },
    {
      "type": "Feature",
      "properties": {
        "@id": "way/223351286",
        "amenity": "hospital",
        "healthcare": "hospital",
        "name": "PKU",
        "@geometry": "center"
      },
      "geometry": {
        "type": "Point",
        "coordinates": [
          103.0841362,
          1.8569335
        ]
      },
      "id": "way/223351286"
    },
    {
      "type": "Feature",
      "properties": {
        "@id": "node/247172728",
        "amenity": "clinic",
        "healthcare": "clinic",
        "name": "Klinik Dr Daris"
      },
      "geometry": {
        "type": "Point",
        "coordinates": [
          102.7670839,
          2.1454724
        ]
      },
      "id": "node/247172728"
    },
    {
      "type": "Feature",
      "properties": {
        "@id": "node/247369217",
        "amenity": "clinic",
        "healthcare": "clinic",
        "is_in": "Paya Redan, Pagoh, Muar, Johor, Malaysia",
        "name": "Klinik Desa",
        "operator": "Kementerian Kesihatan Malaysia",
        "operator:short": "KKM",
        "operator:wikidata": "Q4294352"
      },
      "geometry": {
        "type": "Point",
        "coordinates": [
          102.7807223,
          2.1579704
        ]
      },
      "id": "node/247369217"
    },
    {
      "type": "Feature",
      "properties": {
        "@id": "way/259681423",
        "amenity": "clinic",
        "emergency": "yes",
        "healthcare": "clinic",
        "name": "Klinik Kesihatan Kulai",
        "name:en": "Kulai Health Clinic",
        "name:ms": "Klinik Kesihatan Kulai",
        "name:zh": "古来健康诊所",
        "name:zh-Hans": "古来健康诊所",
        "name:zh-Hant": "古來健康診所",
        "operator": "Kementerian Kesihatan Malaysia",
        "operator:short": "KKM",
        "operator:wikidata": "Q4294352",
        "operator:wikipedia": "en:Ministry of Health (Malaysia)",
        "@geometry": "center"
      },
      "geometry": {
        "type": "Point",
        "coordinates": [
          103.6214619,
          1.6410198
        ]
      },
      "id": "way/259681423"
    },
    {
      "type": "Feature",
      "properties": {
        "@id": "way/259681678",
        "addr:city": "Kulai",
        "amenity": "hospital",
        "emergency": "yes",
        "healthcare": "hospital",
        "name": "Hospital Temenggung Seri Maharaja Tun Ibrahim",
        "name:en": "Temenggung Seri Maharaja Tun Ibrahim Hospital",
        "name:ms": "Hospital Temenggung Seri Maharaja Tun Ibrahim",
        "name:zh": "古来医院",
        "name:zh-Hans": "古来医院",
        "name:zh-Hant": "古來醫院",
        "operator": "Kementerian Kesihatan Malaysia",
        "operator:short": "KKM",
        "operator:type": "government",
        "operator:wikidata": "Q4294352",
        "operator:wikipedia": "en:Ministry of Health (Malaysia)",
        "wikidata": "Q20459585",
        "wikipedia": "ms:Hospital Temenggung Seri Maharaja Tun Ibrahim",
        "@geometry": "center"
      },
      "geometry": {
        "type": "Point",
        "coordinates": [
          103.6216469,
          1.6391298
        ]
      },
      "id": "way/259681678"
    },
    {
      "type": "Feature",
      "properties": {
        "@id": "node/274829066",
        "amenity": "hospital",
        "is_in": "Jorak, Bukit Pasir, Muar Johor, Malaysia",
        "name": "Klinik Desa Jorak"
      },
      "geometry": {
        "type": "Point",
        "coordinates": [
          102.6455409,
          2.129118
        ]
      },
      "id": "node/274829066"
    },
    {
      "type": "Feature",
      "properties": {
        "@id": "node/286946163",
        "amenity": "hospital",
        "name": "Klinik Desa",
        "name:en": "Rural Clinic"
      },
      "geometry": {
        "type": "Point",
        "coordinates": [
          102.9542523,
          2.5196506
        ]
      },
      "id": "node/286946163"
    },
    {
      "type": "Feature",
      "properties": {
        "@id": "node/302537246",
        "amenity": "clinic",
        "healthcare": "clinic",
        "is_in": "Bukit Gambir",
        "name": "Klinik Keluarga"
      },
      "geometry": {
        "type": "Point",
        "coordinates": [
          102.6506049,
          2.2099599
        ]
      },
      "id": "node/302537246"
    },
    {
      "type": "Feature",
      "properties": {
        "@id": "node/302537260",
        "amenity": "clinic",
        "healthcare": "clinic",
        "is_in": "Bukit Gambir",
        "name": "Klinik Malaya"
      },
      "geometry": {
        "type": "Point",
        "coordinates": [
          102.6535969,
          2.2107739
        ]
      },
      "id": "node/302537260"
    },
    {
      "type": "Feature",
      "properties": {
        "@id": "node/302537261",
        "amenity": "clinic",
        "healthcare": "clinic",
        "is_in": "Bukit Gambir",
        "name": "Klinik Wee"
      },
      "geometry": {
        "type": "Point",
        "coordinates": [
          102.6528302,
          2.2114929
        ]
      },
      "id": "node/302537261"
    },
    {
      "type": "Feature",
      "properties": {
        "@id": "node/302537262",
        "amenity": "hospital",
        "healthcare": "hospital",
        "is_in": "Bukit Gambir",
        "name": "Klinik Elizabeth"
      },
      "geometry": {
        "type": "Point",
        "coordinates": [
          102.6631907,
          2.2183764
        ]
      },
      "id": "node/302537262"
    },
    {
      "type": "Feature",
      "properties": {
        "@id": "node/303182662",
        "amenity": "clinic",
        "healthcare": "clinic",
        "is_in": "Bukit Serampang",
        "name": "Klinik Kesihatan Bukit Serampang",
        "name:ms": "Klinik Kesihatan Bukit Serampang",
        "operator": "Kementerian Kesihatan Malaysia",
        "operator:short": "KKM",
        "operator:type": "government",
        "operator:wikidata": "Q4294352"
      },
      "geometry": {
        "type": "Point",
        "coordinates": [
          102.7844333,
          2.3625188
        ]
      },
      "id": "node/303182662"
    },
    {
      "type": "Feature",
      "properties": {
        "@id": "way/308040637",
        "addr:city": "Nusajaya",
        "addr:housenumber": "2",
        "addr:postcode": "79250",
        "addr:street": "Jalan Medini Utara 4",
        "emergency": "yes",
        "healthcare": "hospital",
        "healthcare:speciality": "general;ophthalmology;gynaecology;dentistry;orthopaedics;vaccination;paediatrics;maternity",
        "landuse": "commercial",
        "name": "Gleneagles Hospital Medini Johor",
        "operator": "IHH Healthcare Group",
        "operator:type": "private",
        "website": "http://gleneaglesmedini.com.my/",
        "@geometry": "center"
      },
      "geometry": {
        "type": "Point",
        "coordinates": [
          103.6363531,
          1.4260393
        ]
      },
      "id": "way/308040637"
    },
    {
      "type": "Feature",
      "properties": {
        "@id": "node/309505230",
        "amenity": "doctors",
        "healthcare": "doctor",
        "is_in": "Taman Sri Takdir, Pagoh, Muar, Johor, Malaysia",
        "name": "Klinik Ho"
      },
      "geometry": {
        "type": "Point",
        "coordinates": [
          102.7728586,
          2.1516276
        ]
      },
      "id": "node/309505230"
    },
    {
      "type": "Feature",
      "properties": {
        "@id": "node/318168208",
        "amenity": "doctors",
        "healthcare": "doctor",
        "name": "Klinik Ladang Lanadron",
        "name:ms": "Klinik Ladang Lanadron"
      },
      "geometry": {
        "type": "Point",
        "coordinates": [
          102.7182332,
          2.1736523
        ]
      },
      "id": "node/318168208"
    },
    {
      "type": "Feature",
      "properties": {
        "@id": "node/338742056",
        "amenity": "doctors",
        "name": "Klinik Desa Serom 3"
      },
      "geometry": {
        "type": "Point",
        "coordinates": [
          102.5860478,
          2.1626309
        ]
      },
      "id": "node/338742056"
    },
    {
      "type": "Feature",
      "properties": {
        "@id": "node/341292181",
        "amenity": "doctors",
        "healthcare": "doctor",
        "name": "Klinik Desa Separap"
      },
      "geometry": {
        "type": "Point",
        "coordinates": [
          102.8673381,
          1.9099433
        ]
      },
      "id": "node/341292181"
    },
    {
      "type": "Feature",
      "properties": {
        "@id": "way/368231102",
        "amenity": "clinic",
        "healthcare": "clinic",
        "name": "Klinik Desa Tenang Stesen",
        "name:ms": "Klinik Desa Tenang Stesen",
        "operator": "Kementerian Kesihatan Malaysia",
        "operator:short": "KKM",
        "operator:wikidata": "Q4294352",
        "operator:wikipedia": "en:Ministry of Health (Malaysia)",
        "@geometry": "center"
      },
      "geometry": {
        "type": "Point",
        "coordinates": [
          102.9578161,
          2.4659437
        ]
      },
      "id": "way/368231102"
    },
    {
      "type": "Feature",
      "properties": {
        "@id": "way/370141975",
        "addr:city": "Johor Bahru",
        "addr:postcode": "80250",
        "addr:street": "Jalan Balau",
        "amenity": "clinic",
        "building": "yes",
        "healthcare": "clinic",
        "name": "Klinik Mesra Plaza",
        "@geometry": "center"
      },
      "geometry": {
        "type": "Point",
        "coordinates": [
          103.7621458,
          1.4888437
        ]
      },
      "id": "way/370141975"
    },
    {
      "type": "Feature",
      "properties": {
        "@id": "node/373433340",
        "amenity": "doctors",
        "healthcare": "doctor",
        "is_in": "Kampung Raja, Pagoh, Muar, Johor, Malaysia",
        "name": "Klinik Desa"
      },
      "geometry": {
        "type": "Point",
        "coordinates": [
          102.7565995,
          2.1689123
        ]
      },
      "id": "node/373433340"
    },
    {
      "type": "Feature",
      "properties": {
        "@id": "way/381268867",
        "amenity": "hospital",
        "building": "yes",
        "building:levels": "7",
        "healthcare": "hospital",
        "name": "Afiniti Wellness",
        "old_name": "Parkway Pantai Wellness",
        "@geometry": "center"
      },
      "geometry": {
        "type": "Point",
        "coordinates": [
          103.6346887,
          1.4264558
        ]
      },
      "id": "way/381268867"
    },
    {
      "type": "Feature",
      "properties": {
        "@id": "way/382253902",
        "addr:city": "Johor Bahru",
        "addr:postcode": "81100",
        "addr:street": "Jalan Bunga Antoi",
        "amenity": "clinic",
        "building": "yes",
        "healthcare": "clinic",
        "name": "Klinik Desa Antoi, Kg. Dato Sulaiman Menteri",
        "@geometry": "center"
      },
      "geometry": {
        "type": "Point",
        "coordinates": [
          103.7667487,
          1.5074409
        ]
      },
      "id": "way/382253902"
    },
    {
      "type": "Feature",
      "properties": {
        "@id": "way/384987948",
        "addr:city": "Johor Bahru",
        "addr:postcode": "81100",
        "addr:street": "Jalan Masjid",
        "amenity": "clinic",
        "building": "yes",
        "healthcare": "clinic",
        "name": "Klinik Ibu Dan Anak",
        "name:ms": "Klinik Kesihatan Majidee",
        "@geometry": "center"
      },
      "geometry": {
        "type": "Point",
        "coordinates": [
          103.7555659,
          1.5134593
        ]
      },
      "id": "way/384987948"
    },
    {
      "type": "Feature",
      "properties": {
        "@id": "way/384987949",
        "addr:city": "Johor Bahru",
        "addr:postcode": "81100",
        "addr:street": "Jalan Masjid",
        "amenity": "clinic",
        "building": "yes",
        "healthcare": "clinic",
        "name": "Klinik Ibu Dan Anak",
        "name:ms": "Klinik Kesihatan Majidee",
        "@geometry": "center"
      },
      "geometry": {
        "type": "Point",
        "coordinates": [
          103.7554083,
          1.5136731
        ]
      },
      "id": "way/384987949"
    },
    {
      "type": "Feature",
      "properties": {
        "@id": "way/384987950",
        "addr:city": "Johor Bahru",
        "addr:postcode": "81100",
        "addr:street": "Jalan Masjid",
        "amenity": "clinic",
        "building": "yes",
        "healthcare": "clinic",
        "name": "Klinik Ibu Dan Anak",
        "name:ms": "Klinik Kesihatan Majidee",
        "@geometry": "center"
      },
      "geometry": {
        "type": "Point",
        "coordinates": [
          103.755292,
          1.5135403
        ]
      },
      "id": "way/384987950"
    },
    {
      "type": "Feature",
      "properties": {
        "@id": "way/385223556",
        "addr:city": "Johor Bahru",
        "addr:postcode": "81100",
        "addr:street": "Jalan Tebrau Lama",
        "amenity": "clinic",
        "building": "yes",
        "healthcare": "clinic",
        "name": "Klinik Kesihatan Majidee",
        "operator": "Kementerian Kesihatan Malaysia",
        "operator:short": "KKM",
        "operator:type": "government",
        "operator:wikidata": "Q4294352",
        "@geometry": "center"
      },
      "geometry": {
        "type": "Point",
        "coordinates": [
          103.7577369,
          1.5144105
        ]
      },
      "id": "way/385223556"
    },
    {
      "type": "Feature",
      "properties": {
        "@id": "way/399069455",
        "addr:city": "Johor Bahru",
        "addr:postcode": "81200",
        "addr:street": "Jalan Persiaran Tanjung",
        "amenity": "clinic",
        "building": "yes",
        "healthcare": "clinic",
        "name": "Klinik Permai",
        "@geometry": "center"
      },
      "geometry": {
        "type": "Point",
        "coordinates": [
          103.7086704,
          1.5017215
        ]
      },
      "id": "way/399069455"
    },
    {
      "type": "Feature",
      "properties": {
        "@id": "way/400192076",
        "addr:city": "Johor Bahru",
        "addr:postcode": "80350",
        "addr:street": "Jalan Ungku Mohsin",
        "amenity": "clinic",
        "building": "yes",
        "healthcare": "clinic",
        "name": "Klinik Ungku Mohsin Kita",
        "@geometry": "center"
      },
      "geometry": {
        "type": "Point",
        "coordinates": [
          103.7404873,
          1.5139685
        ]
      },
      "id": "way/400192076"
    },
    {
      "type": "Feature",
      "properties": {
        "@id": "way/404665636",
        "alt_name": "斑兰医院",
        "alt_name:zh": "斑兰医院",
        "alt_name:zh-Hans": "斑兰医院",
        "alt_name:zh-Hant": "斑蘭醫院",
        "amenity": "hospital",
        "healthcare": "hospital",
        "healthcare:speciality": "general",
        "name": "Hospital Sultan Ismail",
        "name:en": "Sultan Ismail Hospital",
        "name:ms": "Hospital Sultan Ismail",
        "name:zh": "苏丹依斯迈医院",
        "name:zh-Hans": "苏丹依斯迈医院",
        "name:zh-Hant": "蘇丹依斯邁醫院",
        "operator": "Kementerian Kesihatan Malaysia",
        "operator:short": "KKM",
        "operator:type": "government",
        "operator:wikidata": "Q4294352",
        "wikidata": "Q7636685",
        "wikipedia": "ms:Hospital Sultan Ismail",
        "@geometry": "center"
      },
      "geometry": {
        "type": "Point",
        "coordinates": [
          103.7909643,
          1.5478211
        ]
      },
      "id": "way/404665636"
    },
    {
      "type": "Feature",
      "properties": {
        "@id": "way/457960355",
        "amenity": "clinic",
        "building": "yes",
        "healthcare": "clinic",
        "name": "Klinik Kesihatan Sultan Ismail",
        "@geometry": "center"
      },
      "geometry": {
        "type": "Point",
        "coordinates": [
          103.7895501,
          1.5481317
        ]
      },
      "id": "way/457960355"
    },
    {
      "type": "Feature",
      "properties": {
        "@id": "way/472575421",
        "amenity": "clinic",
        "barrier": "fence",
        "healthcare": "clinic",
        "name": "Klinik Desa Pemas Jaya",
        "@geometry": "center"
      },
      "geometry": {
        "type": "Point",
        "coordinates": [
          103.8200277,
          1.5099899
        ]
      },
      "id": "way/472575421"
    },
    {
      "type": "Feature",
      "properties": {
        "@id": "way/486357202",
        "addr:city": "Pasir Gudang",
        "addr:postcode": "81700",
        "addr:street": "Jalan Masjid",
        "amenity": "clinic",
        "building": "yes",
        "healthcare": "clinic",
        "name": "Klinik Wakaf",
        "opening_hours": "00:00-24:00",
        "@geometry": "center"
      },
      "geometry": {
        "type": "Point",
        "coordinates": [
          103.9025722,
          1.4763221
        ]
      },
      "id": "way/486357202"
    },
    {
      "type": "Feature",
      "properties": {
        "@id": "way/486694736",
        "addr:city": "Pasir Gudang",
        "addr:street": "Jalan Pangkalan 13",
        "amenity": "clinic",
        "building": "yes",
        "healthcare": "clinic",
        "name": "Klinik Kesihatan",
        "@geometry": "center"
      },
      "geometry": {
        "type": "Point",
        "coordinates": [
          103.9310184,
          1.4349067
        ]
      },
      "id": "way/486694736"
    },
    {
      "type": "Feature",
      "properties": {
        "@id": "way/486697191",
        "amenity": "clinic",
        "building": "yes",
        "healthcare": "clinic",
        "name": "Qualitas",
        "@geometry": "center"
      },
      "geometry": {
        "type": "Point",
        "coordinates": [
          103.9084942,
          1.4540458
        ]
      },
      "id": "way/486697191"
    },
    {
      "type": "Feature",
      "properties": {
        "@id": "way/491874095",
        "addr:city": "Bandar Penawar",
        "addr:housenumber": "39",
        "addr:postcode": "81930",
        "addr:street": "Jalan Kempas 3",
        "air_conditioning": "yes",
        "alt_name": "Poliklinik Desaru",
        "amenity": "clinic",
        "building": "yes",
        "healthcare": "clinic",
        "healthcare:speciality": "general;paediatrics;emergency;maternity;fertility",
        "mobile": "+60193534120",
        "name": "Poliklinik Desaru Dr.Abdullah@Maliq",
        "opening_hours": "Mo-Su 09:00-22:00",
        "phone": "+6078280182",
        "website": "https://klinikmedcare.io",
        "@geometry": "center"
      },
      "geometry": {
        "type": "Point",
        "coordinates": [
          104.2079079,
          1.5730406
        ]
      },
      "id": "way/491874095"
    },
    {
      "type": "Feature",
      "properties": {
        "@id": "way/531665224",
        "amenity": "hospital",
        "building": "hospital",
        "building:levels": "3",
        "healthcare": "hospital",
        "@geometry": "center"
      },
      "geometry": {
        "type": "Point",
        "coordinates": [
          103.6358293,
          1.4265389
        ]
      },
      "id": "way/531665224"
    },
    {
      "type": "Feature",
      "properties": {
        "@id": "way/541801520",
        "amenity": "hospital",
        "healthcare": "hospital",
        "healthcare:speciality": "psychiatry",
        "name": "Hospital Permai Johor Bahru",
        "@geometry": "center"
      },
      "geometry": {
        "type": "Point",
        "coordinates": [
          103.705974,
          1.5217012
        ]
      },
      "id": "way/541801520"
    },
    {
      "type": "Feature",
      "properties": {
        "@id": "way/543846985",
        "amenity": "clinic",
        "building": "yes",
        "healthcare": "clinic",
        "name": "Klinik Kesihatan Air Hitam Batu 15",
        "@geometry": "center"
      },
      "geometry": {
        "type": "Point",
        "coordinates": [
          102.7654629,
          2.0276015
        ]
      },
      "id": "way/543846985"
    },
    {
      "type": "Feature",
      "properties": {
        "@id": "way/564041252",
        "amenity": "clinic",
        "healthcare": "clinic",
        "mapillary": "814801509139861",
        "name": "Klinik Kesihatan Pontian",
        "name:zh": "笨珍健康诊所",
        "operator": "Kementerian Kesihatan Malaysia",
        "operator:short": "KKM",
        "operator:wikidata": "Q4294352",
        "operator:wikipedia": "en:Ministry of Health (Malaysia)",
        "@geometry": "center"
      },
      "geometry": {
        "type": "Point",
        "coordinates": [
          103.3833735,
          1.5011947
        ]
      },
      "id": "way/564041252"
    },
    {
      "type": "Feature",
      "properties": {
        "@id": "way/566502798",
        "amenity": "hospital",
        "healthcare": "hospital",
        "name": "Hospital Sultanah Aminah",
        "name:ar": "مستشفي السلطانة أمينة",
        "name:en": "Sultanah Aminah Hospital",
        "name:zh": "苏丹后阿米娜医院",
        "operator": "Kementerian Kesihatan Malaysia",
        "operator:wikidata": "Q4294352",
        "operator:wikipedia": "en:Ministry of Health (Malaysia)",
        "wikidata": "Q7636784",
        "wikipedia": "en:Sultanah Aminah Hospital",
        "wikipedia:en": "Sultanah Aminah Hospital",
        "@geometry": "center"
      },
      "geometry": {
        "type": "Point",
        "coordinates": [
          103.7467094,
          1.4601903
        ]
      },
      "id": "way/566502798"
    },
    {
      "type": "Feature",
      "properties": {
        "@id": "way/577340077",
        "addr:city": "Johor Bahru",
        "addr:postcode": "80100",
        "addr:street": "Jalan Abdul Samad",
        "amenity": "hospital",
        "healthcare": "hospital",
        "name": "KPJ Johor Specialist Hospital",
        "website": "https://www.kpjjohor.com/",
        "wikidata": "Q99539101",
        "@geometry": "center"
      },
      "geometry": {
        "type": "Point",
        "coordinates": [
          103.7411178,
          1.4759938
        ]
      },
      "id": "way/577340077"
    },
    {
      "type": "Feature",
      "properties": {
        "@id": "node/577502608",
        "amenity": "doctors",
        "is_in": "Kampung Panjang Sari, Pagoh, Muar, Johor, Malaysia",
        "name": "Klinik Desa"
      },
      "geometry": {
        "type": "Point",
        "coordinates": [
          102.7558732,
          2.1107614
        ]
      },
      "id": "node/577502608"
    },
    {
      "type": "Feature",
      "properties": {
        "@id": "way/581223835",
        "amenity": "clinic",
        "building": "yes",
        "healthcare": "clinic",
        "@geometry": "center"
      },
      "geometry": {
        "type": "Point",
        "coordinates": [
          102.8630771,
          2.4946589
        ]
      },
      "id": "way/581223835"
    },
    {
      "type": "Feature",
      "properties": {
        "@id": "way/584629152",
        "amenity": "clinic",
        "healthcare": "clinic",
        "name": "Klinik Kesihatan Segamat",
        "name:ms": "Klinik Kesihatan Segamat",
        "name:zh": "昔加末健康诊所",
        "name:zh-Hans": "昔加末健康诊所",
        "name:zh-Hant": "昔加末健康診所",
        "operator": "Kementerian Kesihatan Malaysia",
        "operator:short": "KKM",
        "operator:type": "government",
        "operator:wikidata": "Q4294352",
        "operator:wikipedia": "en:Ministry of Health (Malaysia)",
        "@geometry": "center"
      },
      "geometry": {
        "type": "Point",
        "coordinates": [
          102.8140887,
          2.5048188
        ]
      },
      "id": "way/584629152"
    },
    {
      "type": "Feature",
      "properties": {
        "@id": "way/592864450",
        "addr:city": "Segamat",
        "addr:housenumber": "KM6",
        "addr:postcode": "85000",
        "addr:street": "Jalan Genuang",
        "amenity": "hospital",
        "emergency": "yes",
        "healthcare": "hospital",
        "name": "Hospital Segamat",
        "name:en": "Segamat Hospital",
        "name:ms": "Hospital Segamat",
        "name:zh": "昔加末医院",
        "name:zh-Hans": "昔加末医院",
        "name:zh-Hant": "昔加末醫院",
        "operator": "Kementerian Kesihatan Malaysia",
        "operator:short": "KKM",
        "operator:type": "government",
        "operator:wikidata": "Q4294352",
        "operator:wikipedia": "en:Ministry of Health (Malaysia)",
        "wikidata": "Q20456197",
        "wikimedia_commons": "Category:Segamat Hospital",
        "wikipedia": "ms:Hospital Segamat",
        "@geometry": "center"
      },
      "geometry": {
        "type": "Point",
        "coordinates": [
          102.8593543,
          2.4926099
        ]
      },
      "id": "way/592864450"
    },
    {
      "type": "Feature",
      "properties": {
        "@id": "way/592871516",
        "addr:city": "Segamat",
        "addr:postcode": "85000",
        "addr:street": "Jalan Genuang",
        "amenity": "clinic",
        "healthcare": "clinic",
        "name": "Klinik Kesihatan Bandar Putra Segamat",
        "name:ms": "Klinik Kesihatan Bandar Putra Segamat",
        "@geometry": "center"
      },
      "geometry": {
        "type": "Point",
        "coordinates": [
          102.8630677,
          2.4940134
        ]
      },
      "id": "way/592871516"
    },
    {
      "type": "Feature",
      "properties": {
        "@id": "way/628158747",
        "addr:city": "Johor Bahru",
        "addr:postcode": "80050",
        "addr:street": "Jalan Kerambit",
        "amenity": "clinic",
        "healthcare": "clinic",
        "healthcare:speciality": "general",
        "name": "Klinik Kesihatan Tebrau",
        "@geometry": "center"
      },
      "geometry": {
        "type": "Point",
        "coordinates": [
          103.7709754,
          1.4882605
        ]
      },
      "id": "way/628158747"
    },
    {
      "type": "Feature",
      "properties": {
        "@id": "way/644303119",
        "addr:city": "Batu Pahat",
        "addr:postcode": "83000",
        "addr:street": "Jalan Bintang Satu",
        "amenity": "hospital",
        "building": "hospital",
        "healthcare": "hospital",
        "name": "Pantai Hospital Batu Pahat",
        "name:zh": "峇株巴辖班台医院",
        "website": "https://www.pantai.com.my/batu-pahat",
        "wikidata": "Q96069780",
        "@geometry": "center"
      },
      "geometry": {
        "type": "Point",
        "coordinates": [
          102.9508618,
          1.8611731
        ]
      },
      "id": "way/644303119"
    },
    {
      "type": "Feature",
      "properties": {
        "@id": "way/645615265",
        "alt_name": "Hospital Batu Pahat",
        "amenity": "hospital",
        "healthcare": "hospital",
        "name": "Hospital Sultanah Nora Ismail",
        "name:zh": "苏丹后诺拉依斯迈医院",
        "operator": "Kementerian Kesihatan Malaysia",
        "operator:wikidata": "Q4294352",
        "operator:wikipedia": "en:Ministry of Health (Malaysia)",
        "source": "https://openstreetcam.org/details/3736553/513",
        "wikidata": "Q12687816",
        "wikipedia": "ms:Hospital Batu Pahat",
        "@geometry": "center"
      },
      "geometry": {
        "type": "Point",
        "coordinates": [
          102.942165,
          1.8366641
        ]
      },
      "id": "way/645615265"
    },
    {
      "type": "Feature",
      "properties": {
        "@id": "way/645695937",
        "addr:city": "Mersing",
        "addr:postcode": "86800",
        "addr:street": "Jalan Ismail",
        "amenity": "hospital",
        "healthcare": "hospital",
        "name": "Hospital Mersing",
        "name:zh": "丰盛港医院",
        "operator": "Kementerian Kesihatan Malaysia",
        "operator:type": "government",
        "operator:wikidata": "Q4294352",
        "operator:wikipedia": "en:Ministry of Health (Malaysia)",
        "source:name": "https://www.mapillary.com/app/?pKey=392736228757916",
        "wikidata": "Q12687861",
        "wikipedia": "ms:Hospital Mersing",
        "@geometry": "center"
      },
      "geometry": {
        "type": "Point",
        "coordinates": [
          103.8460671,
          2.4283848
        ]
      },
      "id": "way/645695937"
    },
    {
      "type": "Feature",
      "properties": {
        "@id": "way/646004943",
        "addr:city": "Tangkak",
        "addr:postcode": "84900",
        "addr:street": "Jalan Hospital",
        "amenity": "hospital",
        "healthcare": "hospital",
        "name": "Hospital Tangkak",
        "name:zh": "东甲医院",
        "wikidata": "Q20456537",
        "wikipedia": "ms:Hospital Tangkak",
        "@geometry": "center"
      },
      "geometry": {
        "type": "Point",
        "coordinates": [
          102.5482233,
          2.2705195
        ]
      },
      "id": "way/646004943"
    },
    {
      "type": "Feature",
      "properties": {
        "@id": "way/655288618",
        "amenity": "hospital",
        "healthcare": "hospital",
        "name": "Hospital Enche' Besar Hajjah Khalsom",
        "name:zh": "居銮中央医院",
        "operator": "Kementerian Kesihatan Malaysia",
        "operator:short": "KKM",
        "operator:type": "government",
        "operator:wikidata": "Q4294352",
        "operator:wikipedia": "en:Ministry of Health (Malaysia)",
        "wikidata": "Q20466280",
        "wikipedia": "ms:Hospital Kluang",
        "@geometry": "center"
      },
      "geometry": {
        "type": "Point",
        "coordinates": [
          103.3479799,
          2.0061506
        ]
      },
      "id": "way/655288618"
    },
    {
      "type": "Feature",
      "properties": {
        "@id": "way/669452346",
        "addr:city": "Kota Tinggi",
        "addr:postcode": "81910",
        "amenity": "clinic",
        "building": "yes",
        "healthcare": "clinic",
        "name": "Klinik Desa Kampung Gembut",
        "@geometry": "center"
      },
      "geometry": {
        "type": "Point",
        "coordinates": [
          104.0605901,
          1.9030394
        ]
      },
      "id": "way/669452346"
    },
    {
      "type": "Feature",
      "properties": {
        "@id": "way/680684974",
        "amenity": "clinic",
        "healthcare": "clinic",
        "@geometry": "center"
      },
      "geometry": {
        "type": "Point",
        "coordinates": [
          103.3186768,
          2.0339524
        ]
      },
      "id": "way/680684974"
    },
    {
      "type": "Feature",
      "properties": {
        "@id": "way/685547268",
        "amenity": "clinic",
        "building": "yes",
        "healthcare": "clinic",
        "name": "klinik desa kg pt semarang",
        "@geometry": "center"
      },
      "geometry": {
        "type": "Point",
        "coordinates": [
          103.1505112,
          1.8837825
        ]
      },
      "id": "way/685547268"
    },
    {
      "type": "Feature",
      "properties": {
        "@id": "way/686593673",
        "addr:city": "Batu Pahat",
        "addr:housenumber": "1",
        "addr:postcode": "83000",
        "addr:street": "Jalan Peserai",
        "amenity": "hospital",
        "emergency": "yes",
        "healthcare": "hospital",
        "name": "Putra Specialist Hospital",
        "wikidata": "Q7262401",
        "wikipedia": "en:Putra Specialist Hospital",
        "@geometry": "center"
      },
      "geometry": {
        "type": "Point",
        "coordinates": [
          102.9224176,
          1.8578705
        ]
      },
      "id": "way/686593673"
    },
    {
      "type": "Feature",
      "properties": {
        "@id": "way/690430641",
        "amenity": "clinic",
        "building": "yes",
        "healthcare": "clinic",
        "name": "Pusat Kesihatan Universiti (PKU)",
        "@geometry": "center"
      },
      "geometry": {
        "type": "Point",
        "coordinates": [
          102.7282517,
          2.1448027
        ]
      },
      "id": "way/690430641"
    },
    {
      "type": "Feature",
      "properties": {
        "@id": "way/702413628",
        "alt_name": "Klinik Desa Senai",
        "amenity": "clinic",
        "barrier": "fence",
        "healthcare": "clinic",
        "name": "Klinik Kesihatan Senai",
        "name:ms": "Klinik Kesihatan Senai",
        "operator": "Kementerian Kesihatan Malaysia",
        "operator:short": "KKM",
        "operator:type": "government",
        "operator:wikidata": "Q4294352",
        "@geometry": "center"
      },
      "geometry": {
        "type": "Point",
        "coordinates": [
          103.6446995,
          1.5991328
        ]
      },
      "id": "way/702413628"
    },
    {
      "type": "Feature",
      "properties": {
        "@id": "way/724877445",
        "amenity": "clinic",
        "healthcare": "clinic",
        "name": "Klinik Kesihatan Masai",
        "name:zh": "马西健康诊所",
        "@geometry": "center"
      },
      "geometry": {
        "type": "Point",
        "coordinates": [
          103.8862367,
          1.4916607
        ]
      },
      "id": "way/724877445"
    },
    {
      "type": "Feature",
      "properties": {
        "@id": "way/725004491",
        "amenity": "clinic",
        "healthcare": "clinic",
        "name": "Klinik Kesihatan",
        "name:ms": "Klinik Kesihatan",
        "opening_hours": "Su-Fr 08:00-17:30",
        "operator": "Kementerian Kesihatan Malaysia",
        "operator:short": "KKM",
        "operator:type": "government",
        "operator:wikidata": "Q4294352",
        "@geometry": "center"
      },
      "geometry": {
        "type": "Point",
        "coordinates": [
          103.8202073,
          1.6136219
        ]
      },
      "id": "way/725004491"
    },
    {
      "type": "Feature",
      "properties": {
        "@id": "way/750970585",
        "amenity": "hospital",
        "emergency": "no",
        "healthcare": "hospital",
        "healthcare:speciality": "general",
        "name": "kuarters doktor",
        "@geometry": "center"
      },
      "geometry": {
        "type": "Point",
        "coordinates": [
          102.8582537,
          2.4913616
        ]
      },
      "id": "way/750970585"
    },
    {
      "type": "Feature",
      "properties": {
        "@id": "way/750977871",
        "amenity": "clinic",
        "healthcare": "clinic",
        "name": "Klinik Kesihatan Benut",
        "name:zh": "文律健康诊所",
        "operator": "Kementerian Kesihatan Malaysia",
        "operator:short": "KKM",
        "operator:wikidata": "Q4294352",
        "@geometry": "center"
      },
      "geometry": {
        "type": "Point",
        "coordinates": [
          103.257885,
          1.6457231
        ]
      },
      "id": "way/750977871"
    },
    {
      "type": "Feature",
      "properties": {
        "@id": "way/767819531",
        "amenity": "hospital",
        "healthcare": "hospital",
        "name": "KPJ Pasir Gudang Specialist Hospital",
        "@geometry": "center"
      },
      "geometry": {
        "type": "Point",
        "coordinates": [
          103.8958384,
          1.4771326
        ]
      },
      "id": "way/767819531"
    },
    {
      "type": "Feature",
      "properties": {
        "@id": "way/768081189",
        "amenity": "hospital",
        "healthcare": "hospital",
        "name": "KPJ Bandar Dato Onn Specialist Hospital",
        "wikidata": "Q96069721",
        "@geometry": "center"
      },
      "geometry": {
        "type": "Point",
        "coordinates": [
          103.7402583,
          1.5442899
        ]
      },
      "id": "way/768081189"
    },
    {
      "type": "Feature",
      "properties": {
        "@id": "way/769266377",
        "amenity": "hospital",
        "healthcare": "hospital",
        "name": "KPJ Batu Pahat Specialist Hospital",
        "source": "Mapillary",
        "@geometry": "center"
      },
      "geometry": {
        "type": "Point",
        "coordinates": [
          102.9913337,
          1.8681371
        ]
      },
      "id": "way/769266377"
    },
    {
      "type": "Feature",
      "properties": {
        "@id": "way/778438561",
        "addr:city": "Skudai",
        "addr:postcode": "81300",
        "addr:street": "Jalan Meranti 2",
        "amenity": "clinic",
        "building": "yes",
        "healthcare": "clinic",
        "name": "Poliklinik Penawar",
        "opening_hours": "24/7",
        "@geometry": "center"
      },
      "geometry": {
        "type": "Point",
        "coordinates": [
          103.6190971,
          1.5627104
        ]
      },
      "id": "way/778438561"
    },
    {
      "type": "Feature",
      "properties": {
        "@id": "way/779026635",
        "amenity": "clinic",
        "building": "yes",
        "healthcare": "clinic",
        "name": "Klinik Kesihatan Cahaya Baru",
        "@geometry": "center"
      },
      "geometry": {
        "type": "Point",
        "coordinates": [
          103.9350734,
          1.5239225
        ]
      },
      "id": "way/779026635"
    },
    {
      "type": "Feature",
      "properties": {
        "@id": "way/779315516",
        "addr:city": "Skudai",
        "addr:postcode": "81300",
        "addr:street": "Jalan Meranti 2",
        "amenity": "clinic",
        "building": "yes",
        "healthcare": "clinic",
        "name": "Klinik Norila",
        "@geometry": "center"
      },
      "geometry": {
        "type": "Point",
        "coordinates": [
          103.6190945,
          1.5643491
        ]
      },
      "id": "way/779315516"
    },
    {
      "type": "Feature",
      "properties": {
        "@id": "way/791667929",
        "amenity": "clinic",
        "healthcare": "clinic",
        "mapillary": "503770640822320",
        "name": "Klinik Desa Pengkalan Raja",
        "name:ms": "Klinik Desa Pengkalan Raja",
        "@geometry": "center"
      },
      "geometry": {
        "type": "Point",
        "coordinates": [
          103.4766264,
          1.5240571
        ]
      },
      "id": "way/791667929"
    },
    {
      "type": "Feature",
      "properties": {
        "@id": "way/792397463",
        "amenity": "clinic",
        "healthcare": "clinic",
        "name": "Klinik Desa Kangkar Pulai",
        "@geometry": "center"
      },
      "geometry": {
        "type": "Point",
        "coordinates": [
          103.5928056,
          1.5572908
        ]
      },
      "id": "way/792397463"
    },
    {
      "type": "Feature",
      "properties": {
        "@id": "way/823878530",
        "amenity": "clinic",
        "healthcare": "clinic",
        "name": "Klinik Kesihatan Tongkang Pechah",
        "name:zh": "中江健康诊所",
        "source": "https://www.mapillary.com/app/?pKey=t5gjBB00z2Do7M8ChDyBK4&focus=photo",
        "@geometry": "center"
      },
      "geometry": {
        "type": "Point",
        "coordinates": [
          102.9522245,
          1.9094034
        ]
      },
      "id": "way/823878530"
    },
    {
      "type": "Feature",
      "properties": {
        "@id": "way/826059668",
        "amenity": "hospital",
        "healthcare": "hospital",
        "name": "Columbia Asia Hospital",
        "name:zh": "哥伦比亚亚洲医院",
        "operator": "Columbia Asia",
        "operator:type": "private",
        "operator:wikidata": "Q5149612",
        "source": "https://www.mapillary.com/app/?pKey=7tImbecsjwgXDHQ8xLwFAN&focus=photo",
        "@geometry": "center"
      },
      "geometry": {
        "type": "Point",
        "coordinates": [
          103.765869,
          1.4999952
        ]
      },
      "id": "way/826059668"
    },
    {
      "type": "Feature",
      "properties": {
        "@id": "way/839052522",
        "amenity": "clinic",
        "healthcare": "clinic",
        "name": "Klinik Kesihatan Batu Pahat",
        "name:zh": "峇株巴辖健康诊所",
        "operator": "Kementerian Kesihatan Malaysia",
        "operator:short": "KKM",
        "operator:type": "government",
        "operator:wikidata": "Q4294352",
        "operator:wikipedia": "en:Ministry of Health (Malaysia)",
        "source": "https://www.mapillary.com/app/?pKey=Zl4YgVWZ4Bt4IsmyVX4TIx&focus=photo",
        "@geometry": "center"
      },
      "geometry": {
        "type": "Point",
        "coordinates": [
          102.9419622,
          1.8494214
        ]
      },
      "id": "way/839052522"
    },
    {
      "type": "Feature",
      "properties": {
        "@id": "way/839536676",
        "amenity": "clinic",
        "healthcare": "clinic",
        "name": "Klinik Desa Parit Kasih",
        "source": "https://www.mapillary.com/app/?pKey=DxOIxdydPVKZOuo1g99Xoh&focus=photo",
        "@geometry": "center"
      },
      "geometry": {
        "type": "Point",
        "coordinates": [
          103.0346703,
          1.7987925
        ]
      },
      "id": "way/839536676"
    },
    {
      "type": "Feature",
      "properties": {
        "@id": "way/839786880",
        "amenity": "clinic",
        "building": "yes",
        "healthcare": "clinic",
        "name": "Klinik Desa Tanjong Laboh",
        "source": "https://www.mapillary.com/app/?pKey=fJoS6LJn4I9O5Mh64VR8CE&focus=photo",
        "@geometry": "center"
      },
      "geometry": {
        "type": "Point",
        "coordinates": [
          103.0136144,
          1.7554224
        ]
      },
      "id": "way/839786880"
    },
    {
      "type": "Feature",
      "properties": {
        "@id": "way/840597677",
        "amenity": "clinic",
        "healthcare": "clinic",
        "name": "Klinik Desa Sri Pandan",
        "source": "https://www.mapillary.com/app/?pKey=iRUlxf0To9sXchAcGa4vyC&focus=photo",
        "@geometry": "center"
      },
      "geometry": {
        "type": "Point",
        "coordinates": [
          103.0651232,
          1.8207052
        ]
      },
      "id": "way/840597677"
    },
    {
      "type": "Feature",
      "properties": {
        "@id": "way/841593167",
        "amenity": "clinic",
        "healthcare": "clinic",
        "healthcare:speciality": "dialysis",
        "name": "Pusat Dialisis Klinik Kesihatan Simpang Renggam",
        "name:ms": "Pusat Dialisis Klinik Kesihatan Simpang Renggam",
        "source": "https://www.mapillary.com/app/?pKey=1suROVgybhobNjj9aVdfRk&focus=photo",
        "@geometry": "center"
      },
      "geometry": {
        "type": "Point",
        "coordinates": [
          103.3046716,
          1.8260503
        ]
      },
      "id": "way/841593167"
    },
    {
      "type": "Feature",
      "properties": {
        "@id": "way/841593168",
        "amenity": "clinic",
        "healthcare": "clinic",
        "name": "Klinik Kesihatan Simpang Renggam",
        "name:ms": "Klinik Kesihatan Simpang Renggam",
        "name:zh": "新邦令金健康诊所",
        "name:zh-Hans": "新邦令金健康诊所",
        "name:zh-Hant": "新邦令金健康診所",
        "operator": "Kementerian Kesihatan Malaysia",
        "operator:short": "KKM",
        "operator:type": "government",
        "operator:wikidata": "Q4294352",
        "operator:wikipedia": "en:Ministry of Health (Malaysia)",
        "source": "https://www.mapillary.com/app/?pKey=0xsXmzRTfewgoDTgRHHo2M&focus=photo",
        "@geometry": "center"
      },
      "geometry": {
        "type": "Point",
        "coordinates": [
          103.3053627,
          1.8264989
        ]
      },
      "id": "way/841593168"
    },
    {
      "type": "Feature",
      "properties": {
        "@id": "way/841593178",
        "amenity": "clinic",
        "building": "yes",
        "healthcare": "clinic",
        "name": "Klinik Desa Kg. Sg. Linau",
        "source": "https://www.mapillary.com/app/?pKey=RSoDdZ8fxbmdGkjbOR1Pmo&focus=photo",
        "@geometry": "center"
      },
      "geometry": {
        "type": "Point",
        "coordinates": [
          103.2651515,
          1.8299035
        ]
      },
      "id": "way/841593178"
    },
    {
      "type": "Feature",
      "properties": {
        "@id": "way/845595685",
        "amenity": "clinic",
        "building": "yes",
        "healthcare": "clinic",
        "name": "Klinik Desa Simpang Enam",
        "note": "probably closed permanently",
        "operator": "Kementerian Kesihatan Malaysia",
        "operator:short": "KKM",
        "operator:wikidata": "Q4294352",
        "source": "https://www.mapillary.com/app/?pKey=qvZ1RCfgBAlZrLgFvLpXQ6&focus=photo",
        "@geometry": "center"
      },
      "geometry": {
        "type": "Point",
        "coordinates": [
          103.144358,
          1.7757502
        ]
      },
      "id": "way/845595685"
    },
    {
      "type": "Feature",
      "properties": {
        "@id": "way/847403807",
        "amenity": "clinic",
        "building": "yes",
        "healthcare": "clinic",
        "name": "Klinik Desa Sungai Merlong",
        "source": "https://www.mapillary.com/app/?pKey=ARsRAu1VKmrmuImT0ij2LK&focus=photo",
        "@geometry": "center"
      },
      "geometry": {
        "type": "Point",
        "coordinates": [
          103.1836746,
          1.6657187
        ]
      },
      "id": "way/847403807"
    },
    {
      "type": "Feature",
      "properties": {
        "@id": "way/848724888",
        "amenity": "clinic",
        "building": "yes",
        "healthcare": "clinic",
        "name": "Klinik Desa Perpat",
        "source": "https://www.mapillary.com/app/?pKey=IfZQVSPeniYz8cdLE66bze&focus=photo",
        "@geometry": "center"
      },
      "geometry": {
        "type": "Point",
        "coordinates": [
          103.1262773,
          1.7213055
        ]
      },
      "id": "way/848724888"
    },
    {
      "type": "Feature",
      "properties": {
        "@id": "way/848724899",
        "amenity": "clinic",
        "building": "yes",
        "healthcare": "clinic",
        "name": "Klinik Kesihatan Sri Merlong",
        "@geometry": "center"
      },
      "geometry": {
        "type": "Point",
        "coordinates": [
          103.1888137,
          1.7335412
        ]
      },
      "id": "way/848724899"
    },
    {
      "type": "Feature",
      "properties": {
        "@id": "way/848795383",
        "amenity": "clinic",
        "healthcare": "clinic",
        "name": "Klinik Desa Teluk Ramunia",
        "name:ms": "Klinik Desa Teluk Ramunia",
        "@geometry": "center"
      },
      "geometry": {
        "type": "Point",
        "coordinates": [
          104.2475727,
          1.3725208
        ]
      },
      "id": "way/848795383"
    },
    {
      "type": "Feature",
      "properties": {
        "@id": "way/856290121",
        "amenity": "clinic",
        "healthcare": "clinic",
        "name": "Klinik Kesihatan Parit Sulong",
        "name:zh": "巴力士隆健康诊所",
        "operator": "Kementerian Kesihatan Malaysia",
        "operator:short": "KKM",
        "operator:type": "government",
        "operator:wikidata": "Q4294352",
        "operator:wikipedia": "en:Ministry of Health (Malaysia)",
        "@geometry": "center"
      },
      "geometry": {
        "type": "Point",
        "coordinates": [
          102.8810504,
          1.9772023
        ]
      },
      "id": "way/856290121"
    },
    {
      "type": "Feature",
      "properties": {
        "@id": "way/857108687",
        "alt_name": "Hospital Muar",
        "amenity": "hospital",
        "healthcare": "hospital",
        "name": "Hospital Pakar Sultanah Fatimah",
        "name:en": "Sultanah Fatimah Specialist Hospital",
        "name:zh": "麻坡法蒂玛苏丹后专科医院",
        "operator": "Kementerian Kesihatan Malaysia",
        "operator:short": "KKM",
        "operator:type": "government",
        "operator:wikidata": "Q4294352",
        "wikidata": "Q12687862",
        "wikimedia_commons": "Category:Sultanah Fatimah Specialist Hospital",
        "wikipedia": "ms:Hospital Pakar Sultanah Fatimah",
        "@geometry": "center"
      },
      "geometry": {
        "type": "Point",
        "coordinates": [
          102.576744,
          2.0563939
        ]
      },
      "id": "way/857108687"
    },
    {
      "type": "Feature",
      "properties": {
        "@id": "way/857150503",
        "addr:city": "Tangkak",
        "addr:postcode": "84900",
        "addr:street": "Jalan Payamas",
        "amenity": "clinic",
        "building": "yes",
        "healthcare": "clinic",
        "name": "Klinik Kesihatan Payamas",
        "operator": "Kementerian Kesihatan Malaysia",
        "operator:short": "KKM",
        "operator:type": "government",
        "operator:wikidata": "Q4294352",
        "operator:wikipedia": "en:Ministry of Health (Malaysia)",
        "@geometry": "center"
      },
      "geometry": {
        "type": "Point",
        "coordinates": [
          102.5456868,
          2.2750754
        ]
      },
      "id": "way/857150503"
    },
    {
      "type": "Feature",
      "properties": {
        "@id": "way/857169149",
        "amenity": "clinic",
        "building": "yes",
        "healthcare": "clinic",
        "name": "Poliklinik",
        "@geometry": "center"
      },
      "geometry": {
        "type": "Point",
        "coordinates": [
          102.5476395,
          2.27154
        ]
      },
      "id": "way/857169149"
    },
    {
      "type": "Feature",
      "properties": {
        "@id": "way/857169164",
        "amenity": "clinic",
        "building": "yes",
        "healthcare": "clinic",
        "name": "Klinik Pergigian",
        "@geometry": "center"
      },
      "geometry": {
        "type": "Point",
        "coordinates": [
          102.5470574,
          2.2713347
        ]
      },
      "id": "way/857169164"
    },
    {
      "type": "Feature",
      "properties": {
        "@id": "way/865557113",
        "amenity": "clinic",
        "building": "yes",
        "healthcare": "clinic",
        "name": "Klinik Desa",
        "@geometry": "center"
      },
      "geometry": {
        "type": "Point",
        "coordinates": [
          102.6035756,
          2.1434787
        ]
      },
      "id": "way/865557113"
    },
    {
      "type": "Feature",
      "properties": {
        "@id": "way/877462172",
        "amenity": "clinic",
        "building": "yes",
        "healthcare": "clinic",
        "@geometry": "center"
      },
      "geometry": {
        "type": "Point",
        "coordinates": [
          103.6465763,
          1.487145
        ]
      },
      "id": "way/877462172"
    },
    {
      "type": "Feature",
      "properties": {
        "@id": "way/885767892",
        "amenity": "hospital",
        "healthcare": "hospital",
        "name": "Hospital Kota Tinggi",
        "name:en": "Kota Tinggi Hospital",
        "name:ms": "Hospital Kota Tinggi",
        "name:zh": "哥打丁宜医院",
        "name:zh-Hans": "哥打丁宜医院",
        "name:zh-Hant": "哥打丁宜醫院",
        "wikidata": "Q20466963",
        "wikipedia": "ms:Hospital Kota Tinggi",
        "@geometry": "center"
      },
      "geometry": {
        "type": "Point",
        "coordinates": [
          103.8985641,
          1.7356729
        ]
      },
      "id": "way/885767892"
    },
    {
      "type": "Feature",
      "properties": {
        "@id": "way/894512965",
        "amenity": "hospital",
        "healthcare": "hospital",
        "name": "KPJ Puteri Specialist Hospital",
        "wikidata": "Q20449912",
        "wikipedia": "ms:Hospital Pakar Puteri",
        "@geometry": "center"
      },
      "geometry": {
        "type": "Point",
        "coordinates": [
          103.742193,
          1.4904604
        ]
      },
      "id": "way/894512965"
    },
    {
      "type": "Feature",
      "properties": {
        "@id": "way/904089338",
        "amenity": "clinic",
        "building": "yes",
        "healthcare": "clinic",
        "name": "Klinik Desa Sanglang",
        "source": "https://www.mapillary.com/app/?pKey=w0au0PvxXxNvqNJUnxS4pa&focus=photo",
        "@geometry": "center"
      },
      "geometry": {
        "type": "Point",
        "coordinates": [
          103.3006903,
          1.6293723
        ]
      },
      "id": "way/904089338"
    },
    {
      "type": "Feature",
      "properties": {
        "@id": "way/904089349",
        "amenity": "clinic",
        "healthcare": "clinic",
        "name": "Klinik Kesihatan Ayer Baloi",
        "name:zh": "亚逸峇礼健康诊所",
        "operator": "Kementerian Kesihatan Malaysia",
        "operator:short": "KKM",
        "operator:wikidata": "Q4294352",
        "source": "https://www.mapillary.com/app/?pKey=8ZlXJXnulowXKifNijp6pd&focus=photo",
        "@geometry": "center"
      },
      "geometry": {
        "type": "Point",
        "coordinates": [
          103.3314826,
          1.5923723
        ]
      },
      "id": "way/904089349"
    },
    {
      "type": "Feature",
      "properties": {
        "@id": "way/904640551",
        "amenity": "clinic",
        "building": "yes",
        "healthcare": "clinic",
        "name": "Klinik Desa Pt. Hj. Omar Pontian",
        "source": "https://www.mapillary.com/app/?pKey=QS2EAkYcUpGI8JBMKCL4h2&focus=photo",
        "@geometry": "center"
      },
      "geometry": {
        "type": "Point",
        "coordinates": [
          103.3668823,
          1.5375683
        ]
      },
      "id": "way/904640551"
    },
    {
      "type": "Feature",
      "properties": {
        "@id": "way/904640559",
        "amenity": "hospital",
        "healthcare": "hospital",
        "name": "Hospital Pontian",
        "name:zh": "笨珍医院",
        "operator": "Kementerian Kesihatan Malaysia",
        "operator:type": "government",
        "operator:wikidata": "Q4294352",
        "operator:wikipedia": "en:Ministry of Health (Malaysia)",
        "wikidata": "Q12687865",
        "wikipedia": "ms:Hospital Pontian",
        "@geometry": "center"
      },
      "geometry": {
        "type": "Point",
        "coordinates": [
          103.3860014,
          1.4989006
        ]
      },
      "id": "way/904640559"
    },
    {
      "type": "Feature",
      "properties": {
        "@id": "way/905349909",
        "amenity": "clinic",
        "healthcare": "clinic",
        "name": "Klinik Kesihatan Parit Yaani",
        "operator": "Kementerian Kesihatan Malaysia",
        "operator:short": "KKM",
        "operator:type": "government",
        "operator:wikidata": "Q4294352",
        "operator:wikipedia": "en:Ministry of Health (Malaysia)",
        "source": "https://www.mapillary.com/app/?pKey=DbVDiIC4VyK9I8f3JHyVzC&focus=photo;https://openstreetcam.org/details/3753001/853",
        "@geometry": "center"
      },
      "geometry": {
        "type": "Point",
        "coordinates": [
          103.0267908,
          1.9581296
        ]
      },
      "id": "way/905349909"
    },
    {
      "type": "Feature",
      "properties": {
        "@id": "way/907684298",
        "amenity": "clinic",
        "building": "yes",
        "healthcare": "clinic",
        "name": "Klinik Desa Peserai",
        "source": "https://www.mapillary.com/app/?pKey=mQ2rc5GtTVkYFrU0HcCI78&focus=photo",
        "@geometry": "center"
      },
      "geometry": {
        "type": "Point",
        "coordinates": [
          102.90505,
          1.8495966
        ]
      },
      "id": "way/907684298"
    },
    {
      "type": "Feature",
      "properties": {
        "@id": "way/908972754",
        "amenity": "clinic",
        "healthcare": "clinic",
        "name": "Klinik Kesihatan Bagan",
        "@geometry": "center"
      },
      "geometry": {
        "type": "Point",
        "coordinates": [
          102.8553102,
          1.8488101
        ]
      },
      "id": "way/908972754"
    },
    {
      "type": "Feature",
      "properties": {
        "@id": "way/908972763",
        "amenity": "clinic",
        "building": "yes",
        "healthcare": "clinic",
        "name": "Klinik Desa Parit Kuda",
        "@geometry": "center"
      },
      "geometry": {
        "type": "Point",
        "coordinates": [
          102.8143288,
          1.8649335
        ]
      },
      "id": "way/908972763"
    },
    {
      "type": "Feature",
      "properties": {
        "@id": "way/908972775",
        "amenity": "clinic",
        "building": "yes",
        "healthcare": "clinic",
        "name": "Klinik Kesihatan Semerah",
        "source": "https://www.mapillary.com/app/?pKey=uJhNuB7pHHigq5psYqpJNZ&focus=photo",
        "@geometry": "center"
      },
      "geometry": {
        "type": "Point",
        "coordinates": [
          102.7848994,
          1.8816118
        ]
      },
      "id": "way/908972775"
    },
    {
      "type": "Feature",
      "properties": {
        "@id": "way/910767537",
        "amenity": "clinic",
        "healthcare": "clinic",
        "name": "Klinik Kesihatan Parit Yusof",
        "source": "https://www.mapillary.com/app/?pKey=L7ROxGqm2jjQZRhvw8nWh5&focus=photo",
        "@geometry": "center"
      },
      "geometry": {
        "type": "Point",
        "coordinates": [
          102.7599134,
          1.8960181
        ]
      },
      "id": "way/910767537"
    },
    {
      "type": "Feature",
      "properties": {
        "@id": "way/910767559",
        "amenity": "clinic",
        "healthcare": "clinic",
        "name": "Klinik Kesihatan Sri Menanti",
        "name:en": "Sri Menanti Health Clinic",
        "name:ms": "Klinik Kesihatan Sri Menanti",
        "source": "https://www.mapillary.com/app/?pKey=ArrRMQvjc98DG6uRXNZ03o&focus=photo",
        "@geometry": "center"
      },
      "geometry": {
        "type": "Point",
        "coordinates": [
          102.6875601,
          1.9099902
        ]
      },
      "id": "way/910767559"
    },
    {
      "type": "Feature",
      "properties": {
        "@id": "way/913129025",
        "amenity": "clinic",
        "building": "yes",
        "healthcare": "clinic",
        "name": "Klinik Desa Parit Pechah",
        "source": "https://www.mapillary.com/app/?pKey=X0qEIOotAFbsidGGpthcIM&focus=photo",
        "@geometry": "center"
      },
      "geometry": {
        "type": "Point",
        "coordinates": [
          102.6726742,
          1.9263673
        ]
      },
      "id": "way/913129025"
    },
    {
      "type": "Feature",
      "properties": {
        "@id": "way/913129042",
        "amenity": "clinic",
        "healthcare": "clinic",
        "name": "Klinik Kesihatan Parit Bakar",
        "source": "https://www.mapillary.com/app/?pKey=Lw3abHBH6ahxA0DOCtB8g7&focus=photo",
        "@geometry": "center"
      },
      "geometry": {
        "type": "Point",
        "coordinates": [
          102.6090222,
          1.9999799
        ]
      },
      "id": "way/913129042"
    },
    {
      "type": "Feature",
      "properties": {
        "@id": "way/913802191",
        "amenity": "clinic",
        "healthcare": "clinic",
        "name": "Klinik Desa Kesang",
        "@geometry": "center"
      },
      "geometry": {
        "type": "Point",
        "coordinates": [
          102.5068653,
          2.1185167
        ]
      },
      "id": "way/913802191"
    },
    {
      "type": "Feature",
      "properties": {
        "@id": "way/913854434",
        "amenity": "hospital",
        "construction": "hospital",
        "healthcare": "hospital",
        "name": "Hospital Pasir Gudang",
        "note": "Hospital Pasir Gudang",
        "@geometry": "center"
      },
      "geometry": {
        "type": "Point",
        "coordinates": [
          103.8607863,
          1.5140537
        ]
      },
      "id": "way/913854434"
    },
    {
      "type": "Feature",
      "properties": {
        "@id": "way/945360099",
        "amenity": "clinic",
        "building": "yes",
        "mapillary": "925162421614512",
        "name": "Klinik Ladang Kuala Kabong",
        "@geometry": "center"
      },
      "geometry": {
        "type": "Point",
        "coordinates": [
          103.4327627,
          1.6888231
        ]
      },
      "id": "way/945360099"
    },
    {
      "type": "Feature",
      "properties": {
        "@id": "way/950133268",
        "amenity": "clinic",
        "healthcare": "clinic",
        "mapillary": "276569440874999",
        "name": "Klinik Desa Parit Kemang",
        "operator": "Kementerian Kesihatan Malaysia",
        "operator:short": "KKM",
        "operator:wikidata": "Q4294352",
        "@geometry": "center"
      },
      "geometry": {
        "type": "Point",
        "coordinates": [
          103.1078998,
          1.7551662
        ]
      },
      "id": "way/950133268"
    },
    {
      "type": "Feature",
      "properties": {
        "@id": "way/951361828",
        "amenity": "clinic",
        "healthcare": "clinic",
        "mapillary": "756899168332616",
        "name": "Klinik Desa Parit Abdul Rahman",
        "operator": "Kementerian Kesihatan Malaysia",
        "operator:short": "KKM",
        "operator:wikidata": "Q4294352",
        "short_name": "Klinik Desa Pt Abd Rahman",
        "@geometry": "center"
      },
      "geometry": {
        "type": "Point",
        "coordinates": [
          103.2293921,
          1.6512322
        ]
      },
      "id": "way/951361828"
    },
    {
      "type": "Feature",
      "properties": {
        "@id": "way/955842726",
        "addr:city": "Endau",
        "addr:postcode": "86900",
        "amenity": "clinic",
        "healthcare": "clinic",
        "name": "Klinik Kesihatan Endau",
        "source": "https://www.mapillary.com/app/?pKey=IhkMbAAhv5ckMdReLBEk8I&focus=photo",
        "@geometry": "center"
      },
      "geometry": {
        "type": "Point",
        "coordinates": [
          103.6239091,
          2.6494006
        ]
      },
      "id": "way/955842726"
    },
    {
      "type": "Feature",
      "properties": {
        "@id": "way/956986581",
        "amenity": "clinic",
        "healthcare": "clinic",
        "name": "Klinik Desa Kampung Sawah Dato'",
        "operator": "Kementerian Kesihatan Malaysia",
        "operator:short": "KKM",
        "operator:type": "government",
        "operator:wikidata": "Q4294352",
        "operator:wikipedia": "en:Ministry of Health (Malaysia)",
        "source:name": "https://www.mapillary.com/app/?pKey=4240028386018600",
        "@geometry": "center"
      },
      "geometry": {
        "type": "Point",
        "coordinates": [
          103.8136469,
          2.4720168
        ]
      },
      "id": "way/956986581"
    },
    {
      "type": "Feature",
      "properties": {
        "@id": "way/966988395",
        "amenity": "clinic",
        "healthcare": "clinic",
        "name": "Klinik Kesihatan Parit Raja",
        "name:zh": "巴力拉惹健康诊所",
        "operator": "Kementerian Kesihatan Malaysia",
        "operator:short": "KKM",
        "operator:type": "government",
        "operator:wikidata": "Q4294352",
        "operator:wikipedia": "en:Ministry of Health (Malaysia)",
        "source": "https://www.mapillary.com/app/?pKey=1374079976295756&focus=photo",
        "@geometry": "center"
      },
      "geometry": {
        "type": "Point",
        "coordinates": [
          103.1095692,
          1.8629686
        ]
      },
      "id": "way/966988395"
    },
    {
      "type": "Feature",
      "properties": {
        "@id": "way/967521082",
        "addr:city": "Mersing",
        "addr:housenumber": "KM 8",
        "addr:postcode": "86800",
        "addr:street": "Jalan Endau",
        "amenity": "clinic",
        "healthcare": "clinic",
        "name": "Klinik Kesihatan Tenglu",
        "operator": "Kementerian Kesihatan Malaysia",
        "operator:short": "KKM",
        "operator:type": "government",
        "operator:wikidata": "Q4294352",
        "operator:wikipedia": "en:Ministry of Health (Malaysia)",
        "source": "https://www.mapillary.com/app/?pKey=317497033427348&focus=photo",
        "@geometry": "center"
      },
      "geometry": {
        "type": "Point",
        "coordinates": [
          103.8013926,
          2.4943896
        ]
      },
      "id": "way/967521082"
    },
    {
      "type": "Feature",
      "properties": {
        "@id": "way/969784308",
        "amenity": "clinic",
        "healthcare": "clinic",
        "name": "Klinik Desa Parit Yob",
        "operator": "Kementerian Kesihatan Malaysia",
        "operator:short": "KKM",
        "operator:type": "government",
        "operator:wikidata": "Q4294352",
        "operator:wikipedia": "en:Ministry of Health (Malaysia)",
        "source": "https://openstreetcam.org/details/3753001/351",
        "@geometry": "center"
      },
      "geometry": {
        "type": "Point",
        "coordinates": [
          103.0231381,
          1.8987756
        ]
      },
      "id": "way/969784308"
    },
    {
      "type": "Feature",
      "properties": {
        "@id": "way/1035563235",
        "amenity": "clinic",
        "healthcare": "clinic",
        "name": "Klinik Desa Felda Layang-Layang",
        "source": "https://www.mapillary.com/app/?pKey=1107017196440496&focus=photo",
        "@geometry": "center"
      },
      "geometry": {
        "type": "Point",
        "coordinates": [
          103.3931045,
          1.7889177
        ]
      },
      "id": "way/1035563235"
    },
    {
      "type": "Feature",
      "properties": {
        "@id": "way/1036001928",
        "amenity": "clinic",
        "healthcare": "clinic",
        "operator": "Kementerian Kesihatan Malaysia",
        "operator:short": "KKM",
        "operator:type": "government",
        "operator:wikidata": "Q4294352",
        "source": "https://www.mapillary.com/app/?pKey=2954126424836087&focus=photo",
        "@geometry": "center"
      },
      "geometry": {
        "type": "Point",
        "coordinates": [
          102.6004951,
          2.0360684
        ]
      },
      "id": "way/1036001928"
    },
    {
      "type": "Feature",
      "properties": {
        "@id": "way/1036323046",
        "amenity": "clinic",
        "building": "yes",
        "healthcare": "clinic",
        "name": "Klinik Desa Kangkar Tebrau",
        "operator": "Kementerian Kesihatan Malaysia",
        "operator:short": "KKM",
        "operator:type": "government",
        "operator:wikidata": "Q4294352",
        "operator:wikipedia": "en:Ministry of Health (Malaysia)",
        "source": "https://www.mapillary.com/app/?pKey=508238276979460&focus=photo",
        "@geometry": "center"
      },
      "geometry": {
        "type": "Point",
        "coordinates": [
          103.7580227,
          1.5359724
        ]
      },
      "id": "way/1036323046"
    },
    {
      "type": "Feature",
      "properties": {
        "@id": "way/1036631295",
        "amenity": "clinic",
        "healthcare": "clinic",
        "name": "Klinik Kesihatan Labis",
        "name:en": "Labis Medical Clinic",
        "name:ms": "Klinik Kesihatan Labis",
        "name:zh": "拉美士健康诊所",
        "name:zh-Hans": "拉美士健康诊所",
        "name:zh-Hant": "拉美士健康診所",
        "operator": "Kementerian Kesihatan Malaysia",
        "operator:short": "KKM",
        "operator:type": "government",
        "operator:wikidata": "Q4294352",
        "operator:wikipedia": "en:Ministry of Health (Malaysia)",
        "@geometry": "center"
      },
      "geometry": {
        "type": "Point",
        "coordinates": [
          103.0186643,
          2.3851796
        ]
      },
      "id": "way/1036631295"
    },
    {
      "type": "Feature",
      "properties": {
        "@id": "way/1037766478",
        "amenity": "clinic",
        "building": "yes",
        "healthcare": "clinic",
        "name": "Klinik Kesihatan Mersing Kanan",
        "operator": "Kementerian Kesihatan Malaysia",
        "operator:short": "KKM",
        "operator:type": "government",
        "operator:wikidata": "Q4294352",
        "source": "https://www.mapillary.com/app/?pKey=781233319233472&focus=photo",
        "@geometry": "center"
      },
      "geometry": {
        "type": "Point",
        "coordinates": [
          103.8343032,
          2.4367753
        ]
      },
      "id": "way/1037766478"
    },
    {
      "type": "Feature",
      "properties": {
        "@id": "way/1038994046",
        "amenity": "clinic",
        "healthcare": "clinic",
        "name": "Klinik Desa Parit Ibrahim Majid",
        "operator": "Kementerian Kesihatan Malaysia",
        "operator:short": "KKM",
        "operator:wikidata": "Q4294352",
        "operator:wikipedia": "en:Ministry of Health (Malaysia)",
        "source": "https://www.mapillary.com/app/?pKey=948841282582210&focus=photo",
        "@geometry": "center"
      },
      "geometry": {
        "type": "Point",
        "coordinates": [
          103.3067711,
          1.7706958
        ]
      },
      "id": "way/1038994046"
    },
    {
      "type": "Feature",
      "properties": {
        "@id": "way/1043498058",
        "amenity": "hospital",
        "healthcare": "hospital",
        "name": "KPJ Kluang Specialist Hospital",
        "@geometry": "center"
      },
      "geometry": {
        "type": "Point",
        "coordinates": [
          103.2745731,
          2.0135183
        ]
      },
      "id": "way/1043498058"
    },
    {
      "type": "Feature",
      "properties": {
        "@id": "way/1043669238",
        "amenity": "clinic",
        "healthcare": "clinic",
        "name": "Klinik Kesihatan Sagil",
        "name:zh": "砂益健康诊所",
        "operator": "Kementerian Kesihatan Malaysia",
        "operator:short": "KKM",
        "operator:type": "government",
        "operator:wikidata": "Q4294352",
        "operator:wikipedia": "en:Ministry of Health (Malaysia)",
        "source": "https://www.bing.com/maps/streetside/?&cp=2.303663~102.611774&lvl=17&dir=241.178&style=x&q=",
        "@geometry": "center"
      },
      "geometry": {
        "type": "Point",
        "coordinates": [
          102.6115358,
          2.303197
        ]
      },
      "id": "way/1043669238"
    },
    {
      "type": "Feature",
      "properties": {
        "@id": "way/1057739052",
        "addr:postcode": "84000",
        "amenity": "clinic",
        "healthcare": "clinic",
        "name": "Klinik Kesihatan Bakri",
        "name:zh": "峇吉里健康诊所",
        "operator": "Kementerian Kesihatan Malaysia",
        "operator:short": "KKM",
        "operator:wikidata": "Q4294352",
        "source": "https://www.bing.com/maps/streetside/?&cp=2.052122~102.648739&lvl=17&dir=9.432&style=x&q=",
        "@geometry": "center"
      },
      "geometry": {
        "type": "Point",
        "coordinates": [
          102.6491329,
          2.0514971
        ]
      },
      "id": "way/1057739052"
    },
    {
      "type": "Feature",
      "properties": {
        "@id": "way/1057740073",
        "amenity": "clinic",
        "healthcare": "clinic",
        "name": "Klinik Desa Sungai Karas",
        "operator": "Kementerian Kesihatan Malaysia",
        "operator:short": "KKM",
        "operator:wikidata": "Q4294352",
        "source": "https://www.bing.com/maps/streetside/?&cp=2.353322~103.037589&lvl=17&dir=149.865&style=x&q=",
        "@geometry": "center"
      },
      "geometry": {
        "type": "Point",
        "coordinates": [
          103.0376881,
          2.3538144
        ]
      },
      "id": "way/1057740073"
    },
    {
      "type": "Feature",
      "properties": {
        "@id": "way/1071799095",
        "addr:city": "Johor Bahru",
        "addr:housenumber": "21",
        "addr:postcode": "81200",
        "addr:street": "Ground floor, Jalan Padi Emas 1/8",
        "amenity": "clinic",
        "building": "commercial",
        "building:levels": "3",
        "healthcare": "clinic",
        "healthcare:speciality": "general;emergency;maternity;vaccination;paediatrics;occupational",
        "name": "Klinik Medcare Bandar Baru Uda",
        "opening_hours": "Mo-Su 09:00-22:00",
        "operator": "Medcacare Healthcare Services Sdn. Bhd",
        "operator:type": "private",
        "phone": "+6072306570",
        "website": "https://klinikmedcare.io",
        "@geometry": "center"
      },
      "geometry": {
        "type": "Point",
        "coordinates": [
          103.7104487,
          1.4938202
        ]
      },
      "id": "way/1071799095"
    },
    {
      "type": "Feature",
      "properties": {
        "@id": "way/1079013498",
        "amenity": "clinic",
        "building": "yes",
        "healthcare": "clinic",
        "name": "Klinik Desa",
        "operator": "Kementerian Kesihatan Malaysia",
        "operator:short": "KKM",
        "operator:wikidata": "Q4294352",
        "@geometry": "center"
      },
      "geometry": {
        "type": "Point",
        "coordinates": [
          102.8848195,
          2.0284172
        ]
      },
      "id": "way/1079013498"
    },
    {
      "type": "Feature",
      "properties": {
        "@id": "way/1079986154",
        "amenity": "hospital",
        "healthcare": "hospital",
        "name": "Klinik Kesihatan Bandar Penawar",
        "@geometry": "center"
      },
      "geometry": {
        "type": "Point",
        "coordinates": [
          104.2332682,
          1.5522888
        ]
      },
      "id": "way/1079986154"
    },
    {
      "type": "Feature",
      "properties": {
        "@id": "way/1148276843",
        "amenity": "clinic",
        "healthcare": "clinic",
        "operator": "Kementerian Kesihatan Malaysia",
        "operator:short": "KKM",
        "operator:type": "government",
        "operator:wikidata": "Q4294352",
        "@geometry": "center"
      },
      "geometry": {
        "type": "Point",
        "coordinates": [
          103.3214157,
          2.0070654
        ]
      },
      "id": "way/1148276843"
    },
    {
      "type": "Feature",
      "properties": {
        "@id": "way/1148402839",
        "amenity": "hospital",
        "healthcare": "hospital",
        "@geometry": "center"
      },
      "geometry": {
        "type": "Point",
        "coordinates": [
          102.6552205,
          2.2125816
        ]
      },
      "id": "way/1148402839"
    },
    {
      "type": "Feature",
      "properties": {
        "@id": "way/1150195056",
        "addr:city": "Masai",
        "addr:housenumber": "1",
        "addr:postcode": "81750",
        "addr:street": "Jalan Suria 1",
        "amenity": "hospital",
        "healthcare": "hospital",
        "name": "Regency Specialist Hospital Sdn Bhd",
        "name:en": "Regency Specialist Hospital Sdn Bhd",
        "@geometry": "center"
      },
      "geometry": {
        "type": "Point",
        "coordinates": [
          103.8725415,
          1.4980236
        ]
      },
      "id": "way/1150195056"
    },
    {
      "type": "Feature",
      "properties": {
        "@id": "way/1150528106",
        "addr:city": "Iskandar Puteri",
        "addr:postcode": "79250",
        "addr:street": "Persiaran Afiat",
        "amenity": "hospital",
        "healthcare": "hospital",
        "name": "Columbia Asia Hospital Iskandar Puteri",
        "name:zh": "依斯干达公主城哥伦比亚亚洲医院",
        "operator": "Columbia Asia",
        "operator:wikidata": "Q5149612",
        "wikidata": "Q64438138",
        "wikimedia_commons": "Category:Columbia Asia Hospital (Iskandar Puteri)",
        "@geometry": "center"
      },
      "geometry": {
        "type": "Point",
        "coordinates": [
          103.6368457,
          1.4789628
        ]
      },
      "id": "way/1150528106"
    },
    {
      "type": "Feature",
      "properties": {
        "@id": "way/1151591298",
        "amenity": "clinic",
        "healthcare": "clinic",
        "name": "Klinik Kesihatan Bandar Maharani",
        "operator": "Kementerian Kesihatan Malaysia",
        "operator:short": "KKM",
        "operator:type": "government",
        "operator:wikidata": "Q4294352",
        "source": "https://www.bing.com/maps?cp=2.058035%7E102.575903&lvl=17.0&v=2&sV=1&style=x&dir=58.2&pi=-4.9",
        "@geometry": "center"
      },
      "geometry": {
        "type": "Point",
        "coordinates": [
          102.5767154,
          2.0581172
        ]
      },
      "id": "way/1151591298"
    },
    {
      "type": "Feature",
      "properties": {
        "@id": "way/1151591386",
        "amenity": "clinic",
        "healthcare": "clinic",
        "name": "Klinik Desa Parit Jawa",
        "operator": "Kementerian Kesihatan Malaysia",
        "operator:short": "KKM",
        "operator:wikidata": "Q4294352",
        "@geometry": "center"
      },
      "geometry": {
        "type": "Point",
        "coordinates": [
          102.6422324,
          1.9611278
        ]
      },
      "id": "way/1151591386"
    },
    {
      "type": "Feature",
      "properties": {
        "@id": "way/1177756814",
        "amenity": "clinic",
        "building": "yes",
        "healthcare": "clinic",
        "@geometry": "center"
      },
      "geometry": {
        "type": "Point",
        "coordinates": [
          102.5496476,
          2.1796575
        ]
      },
      "id": "way/1177756814"
    },
    {
      "type": "Feature",
      "properties": {
        "@id": "way/1184662348",
        "addr:city": "Johor Bahru",
        "addr:postcode": "81100",
        "amenity": "clinic",
        "building": "yes",
        "building:levels": "2",
        "healthcare": "clinic",
        "name": "Klinik Kesihatan Sultan Ismail Unit Ibu dan Anak",
        "website": "https://www.moh.gov.my",
        "@geometry": "center"
      },
      "geometry": {
        "type": "Point",
        "coordinates": [
          103.7740426,
          1.5662199
        ]
      },
      "id": "way/1184662348"
    },
    {
      "type": "Feature",
      "properties": {
        "@id": "way/1190234365",
        "amenity": "clinic",
        "healthcare": "clinic",
        "name": "Klinik Kesihatan Pagoh",
        "operator": "Kementerian Kesihatan Malaysia",
        "operator:short": "KKM",
        "operator:wikidata": "Q4294352",
        "source": "https://www.bing.com/maps?cp=2.151565~102.774503&lvl=17&dir=57.039&style=x&v=2&sV=1",
        "@geometry": "center"
      },
      "geometry": {
        "type": "Point",
        "coordinates": [
          102.775114,
          2.1511066
        ]
      },
      "id": "way/1190234365"
    },
    {
      "type": "Feature",
      "properties": {
        "@id": "way/1199387753",
        "amenity": "hospital",
        "healthcare": "hospital",
        "@geometry": "center"
      },
      "geometry": {
        "type": "Point",
        "coordinates": [
          102.6563305,
          2.2127648
        ]
      },
      "id": "way/1199387753"
    },
    {
      "type": "Feature",
      "properties": {
        "@id": "way/1214317865",
        "amenity": "hospital",
        "name": "JB Specialist Hospital",
        "@geometry": "center"
      },
      "geometry": {
        "type": "Point",
        "coordinates": [
          103.7969157,
          1.5336616
        ]
      },
      "id": "way/1214317865"
    },
    {
      "type": "Feature",
      "properties": {
        "@id": "way/1252110642",
        "amenity": "hospital",
        "healthcare": "hospital",
        "healthcare:speciality": "maternity",
        "name": "Pusat Pakar Bersalin Tebrau",
        "name:ms": "Pusat Pakar Bersalin Tebrau",
        "@geometry": "center"
      },
      "geometry": {
        "type": "Point",
        "coordinates": [
          103.7687907,
          1.5409414
        ]
      },
      "id": "way/1252110642"
    },
    {
      "type": "Feature",
      "properties": {
        "@id": "way/1293387818",
        "amenity": "clinic",
        "building": "yes",
        "healthcare": "clinic",
        "@geometry": "center"
      },
      "geometry": {
        "type": "Point",
        "coordinates": [
          102.8136757,
          2.5039163
        ]
      },
      "id": "way/1293387818"
    },
    {
      "type": "Feature",
      "properties": {
        "@id": "way/1312833086",
        "amenity": "clinic",
        "healthcare": "clinic",
        "name": "Klinik Kesihatan Penerok",
        "name:zh": "龟桥健康诊所",
        "operator": "Kementerian Kesihatan Malaysia",
        "operator:short": "KKM",
        "operator:wikidata": "Q4294352",
        "@geometry": "center"
      },
      "geometry": {
        "type": "Point",
        "coordinates": [
          103.4421569,
          1.3793871
        ]
      },
      "id": "way/1312833086"
    },
    {
      "type": "Feature",
      "properties": {
        "@id": "way/1355946241",
        "amenity": "clinic",
        "building": "yes",
        "healthcare": "clinic",
        "name": "Klinik Desa Seri Pantai",
        "operator": "Kementerian Kesihatan Malaysia",
        "operator:short": "KKM",
        "operator:type": "government",
        "operator:wikidata": "Q4294352",
        "@geometry": "center"
      },
      "geometry": {
        "type": "Point",
        "coordinates": [
          103.8583577,
          2.392442
        ]
      },
      "id": "way/1355946241"
    },
    {
      "type": "Feature",
      "properties": {
        "@id": "way/1355947155",
        "amenity": "clinic",
        "building": "yes",
        "healthcare": "clinic",
        "name": "Klinik Kesihatan Jemaluang",
        "operator": "Kementerian Kesihatan Malaysia",
        "operator:short": "KKM",
        "operator:type": "government",
        "operator:wikidata": "Q4294352",
        "@geometry": "center"
      },
      "geometry": {
        "type": "Point",
        "coordinates": [
          103.8547851,
          2.268087
        ]
      },
      "id": "way/1355947155"
    },
    {
      "type": "Feature",
      "properties": {
        "@id": "way/1359266791",
        "addr:postcode": "81200",
        "addr:street": "Jalan Anggerik",
        "amenity": "hospital",
        "building": "residential",
        "healthcare": "hospital",
        "name": "Poliklinik Taman Anggerik",
        "source": "bing",
        "@geometry": "center"
      },
      "geometry": {
        "type": "Point",
        "coordinates": [
          103.6889154,
          1.5339993
        ]
      },
      "id": "way/1359266791"
    },
    {
      "type": "Feature",
      "properties": {
        "@id": "way/1498958937",
        "addr:city": "Pasir Gudang",
        "addr:housenumber": "35",
        "addr:postcode": "81700",
        "addr:street": "Jalan Semerbak 20",
        "alt_name": "Klinik Medcare TBD",
        "amenity": "clinic",
        "building": "yes",
        "healthcare": "clinic",
        "healthcare:speciality": "general;paediatrics;emergency;community;maternity",
        "mobile": "+60110808553",
        "name": "Klinik Medcare Taman Bukit Dahlia",
        "opening_hours": "Mo-Su 09:00-22:00",
        "payment:american_express": "yes",
        "payment:apple_pay": "yes",
        "payment:cash": "yes",
        "payment:contactless": "yes",
        "payment:credit_cards": "yes",
        "payment:debit_cards": "yes",
        "payment:mastercard": "yes",
        "payment:visa": "yes",
        "phone": "+6072306570",
        "website": "https://klinikmedcare.io",
        "wheelchair": "yes",
        "@geometry": "center"
      },
      "geometry": {
        "type": "Point",
        "coordinates": [
          103.9005025,
          1.4835836
        ]
      },
      "id": "way/1498958937"
    },
    {
      "type": "Feature",
      "properties": {
        "@id": "way/1498959790",
        "addr:city": "Pasir Gudang",
        "addr:housenumber": "21A",
        "addr:postcode": "81700",
        "addr:street": "Jalan Ekoperniagaan 7",
        "alt_name": "Klinik Medcare KM",
        "amenity": "clinic",
        "building": "yes",
        "healthcare": "doctor",
        "healthcare:speciality": "general;paediatrics;emergency;dermatology;vaccination;fertility",
        "mobile": "+6010110758553",
        "name": "Klinik Medcare Kota Masai",
        "opening_hours": "Mo-Su 09:00-22:00",
        "phone": "+6072567661",
        "website": "https://klinikmedcare.io",
        "wheelchair": "yes",
        "@geometry": "center"
      },
      "geometry": {
        "type": "Point",
        "coordinates": [
          103.9374285,
          1.4847554
        ]
      },
      "id": "way/1498959790"
    },
    {
      "type": "Feature",
      "properties": {
        "@id": "way/1537750950",
        "amenity": "clinic",
        "healthcare": "clinic",
        "name": "Klinik Kesihatan Yong Peng",
        "name:zh": "永平健康诊所",
        "operator": "Kementerian Kesihatan Malaysia",
        "operator:short": "KKM",
        "operator:type": "government",
        "operator:wikidata": "Q4294352",
        "operator:wikipedia": "en:Ministry of Health (Malaysia)",
        "source": "https://openstreetcam.org/details/3753001/1224",
        "@geometry": "center"
      },
      "geometry": {
        "type": "Point",
        "coordinates": [
          103.0567458,
          2.029769
        ]
      },
      "id": "way/1537750950"
    },
    {
      "type": "Feature",
      "properties": {
        "@id": "way/1550338453",
        "amenity": "clinic",
        "building": "yes",
        "healthcare": "clinic",
        "name": "Health Center",
        "@geometry": "center"
      },
      "geometry": {
        "type": "Point",
        "coordinates": [
          103.6490333,
          1.4438179
        ]
      },
      "id": "way/1550338453"
    },
    {
      "type": "Feature",
      "properties": {
        "@id": "node/1813344467",
        "amenity": "clinic",
        "healthcare": "clinic",
        "name": "Klinik Kesihatan Kempas",
        "operator": "Kementerian Kesihatan Malaysia",
        "operator:short": "KKM",
        "operator:wikidata": "Q4294352",
        "operator:wikipedia": "en:Ministry of Health (Malaysia)",
        "source": "wikimapia"
      },
      "geometry": {
        "type": "Point",
        "coordinates": [
          103.7072284,
          1.507648
        ]
      },
      "id": "node/1813344467"
    },
    {
      "type": "Feature",
      "properties": {
        "@id": "node/2758361011",
        "amenity": "clinic",
        "healthcare": "clinic",
        "name": "Klinik 1Malaysia"
      },
      "geometry": {
        "type": "Point",
        "coordinates": [
          103.7908108,
          1.495741
        ]
      },
      "id": "node/2758361011"
    },
    {
      "type": "Feature",
      "properties": {
        "@id": "node/4101514689",
        "amenity": "clinic",
        "healthcare": "clinic",
        "name": "Klinik Penawar",
        "opening_hours": "24/7"
      },
      "geometry": {
        "type": "Point",
        "coordinates": [
          104.2219378,
          1.3504043
        ]
      },
      "id": "node/4101514689"
    },
    {
      "type": "Feature",
      "properties": {
        "@id": "node/4101542891",
        "amenity": "clinic",
        "healthcare": "clinic",
        "internet_access": "wlan",
        "name": "Klinik Rafeeq & Nurul",
        "opening_hours": "Mo-Su 08:00-22:00"
      },
      "geometry": {
        "type": "Point",
        "coordinates": [
          104.2235873,
          1.3503589
        ]
      },
      "id": "node/4101542891"
    },
    {
      "type": "Feature",
      "properties": {
        "@id": "node/4142137389",
        "amenity": "clinic",
        "healthcare": "clinic"
      },
      "geometry": {
        "type": "Point",
        "coordinates": [
          103.900891,
          1.7304049
        ]
      },
      "id": "node/4142137389"
    },
    {
      "type": "Feature",
      "properties": {
        "@id": "node/4171574226",
        "amenity": "doctors",
        "healthcare": "doctor",
        "name": "Klinik ilIshsan"
      },
      "geometry": {
        "type": "Point",
        "coordinates": [
          103.835946,
          2.4312819
        ]
      },
      "id": "node/4171574226"
    },
    {
      "type": "Feature",
      "properties": {
        "@id": "node/4197417754",
        "amenity": "clinic",
        "healthcare": "clinic",
        "name": "Indah Specialist Eye Centre",
        "name:zh": "明達眼科（专科）中心"
      },
      "geometry": {
        "type": "Point",
        "coordinates": [
          103.6571472,
          1.4806154
        ]
      },
      "id": "node/4197417754"
    },
    {
      "type": "Feature",
      "properties": {
        "@id": "node/4202433265",
        "amenity": "doctors",
        "healthcare": "doctor",
        "name": "Klinik Malaysia"
      },
      "geometry": {
        "type": "Point",
        "coordinates": [
          103.3887667,
          1.4801079
        ]
      },
      "id": "node/4202433265"
    },
    {
      "type": "Feature",
      "properties": {
        "@id": "node/4202437823",
        "amenity": "doctors",
        "healthcare": "doctor",
        "name": "Klinik Permata"
      },
      "geometry": {
        "type": "Point",
        "coordinates": [
          103.3891282,
          1.4790964
        ]
      },
      "id": "node/4202437823"
    },
    {
      "type": "Feature",
      "properties": {
        "@id": "node/4202454206",
        "amenity": "doctors",
        "healthcare": "doctor",
        "name": "Klink Fitrah"
      },
      "geometry": {
        "type": "Point",
        "coordinates": [
          103.3883825,
          1.4788015
        ]
      },
      "id": "node/4202454206"
    },
    {
      "type": "Feature",
      "properties": {
        "@id": "node/4238951590",
        "amenity": "clinic",
        "healthcare": "clinic",
        "name": "Clinic Khoo"
      },
      "geometry": {
        "type": "Point",
        "coordinates": [
          103.0189585,
          2.3974889
        ]
      },
      "id": "node/4238951590"
    },
    {
      "type": "Feature",
      "properties": {
        "@id": "node/4245782389",
        "amenity": "clinic",
        "healthcare": "clinic",
        "name": "Clinic Koh & Surgery"
      },
      "geometry": {
        "type": "Point",
        "coordinates": [
          103.8159501,
          1.5000711
        ]
      },
      "id": "node/4245782389"
    },
    {
      "type": "Feature",
      "properties": {
        "@id": "node/4252272023",
        "addr:housenumber": "+60 7 663 3277",
        "addr:postcode": "81000",
        "addr:street": "Jalan Lengkongan",
        "amenity": "clinic",
        "healthcare": "clinic",
        "name": "Klinik Adham",
        "name:en": "Adham Clinic",
        "name:ms": "Klinik Adham",
        "opening_hours": "Mo-Su 08:30-12:55, 14:00-18:55, 20:00-21:30",
        "phone": "+60 7 663 8528"
      },
      "geometry": {
        "type": "Point",
        "coordinates": [
          103.5993501,
          1.6621506
        ]
      },
      "id": "node/4252272023"
    },
    {
      "type": "Feature",
      "properties": {
        "@id": "node/4276051791",
        "amenity": "doctors",
        "healthcare": "doctor",
        "name": "Poliklinik Gelang Patah"
      },
      "geometry": {
        "type": "Point",
        "coordinates": [
          103.5929816,
          1.4506067
        ]
      },
      "id": "node/4276051791"
    },
    {
      "type": "Feature",
      "properties": {
        "@id": "node/4312218190",
        "amenity": "clinic",
        "healthcare": "clinic",
        "name": "POLIKLINIK YUSNILA"
      },
      "geometry": {
        "type": "Point",
        "coordinates": [
          103.9023837,
          1.4352563
        ]
      },
      "id": "node/4312218190"
    },
    {
      "type": "Feature",
      "properties": {
        "@id": "node/4317950190",
        "addr:postcode": "81450",
        "addr:street": "Jalan Mastika",
        "amenity": "clinic",
        "healthcare": "clinic",
        "name": "Klinik Kesihatan Felda Bkt Besar",
        "operator": "Kementerian Kesihatan Malaysia",
        "operator:short": "KKM",
        "operator:wikidata": "Q4294352",
        "operator:wikipedia": "en:Ministry of Health (Malaysia)"
      },
      "geometry": {
        "type": "Point",
        "coordinates": [
          103.7065981,
          1.7681739
        ]
      },
      "id": "node/4317950190"
    },
    {
      "type": "Feature",
      "properties": {
        "@id": "node/4319761193",
        "addr:street": "Jalan Persiaran Kempas Baru",
        "amenity": "hospital",
        "healthcare": "hospital",
        "name": "Hospital Permai Johor Bahru",
        "opening_hours": "Su-Th 08:00-17:00",
        "wikidata": "Q20453546",
        "wikipedia": "ms:Hospital Permai"
      },
      "geometry": {
        "type": "Point",
        "coordinates": [
          103.7043969,
          1.5223941
        ]
      },
      "id": "node/4319761193"
    },
    {
      "type": "Feature",
      "properties": {
        "@id": "node/4341999411",
        "addr:postcode": "81200",
        "amenity": "clinic",
        "healthcare": "clinic",
        "name": "Poliklinik Taman Anggerik",
        "source": "bing"
      },
      "geometry": {
        "type": "Point",
        "coordinates": [
          103.6886816,
          1.5342045
        ]
      },
      "id": "node/4341999411"
    },
    {
      "type": "Feature",
      "properties": {
        "@id": "node/4349750490",
        "amenity": "doctors",
        "healthcare": "doctor",
        "name": "Klinik Johor",
        "phone": "+6072324936"
      },
      "geometry": {
        "type": "Point",
        "coordinates": [
          103.6665878,
          1.4816748
        ]
      },
      "id": "node/4349750490"
    },
    {
      "type": "Feature",
      "properties": {
        "@id": "node/4374478696",
        "addr:housenumber": "3/7",
        "addr:postcode": "81200",
        "addr:street": "Jalan Uda Utama 3/7",
        "amenity": "doctors",
        "email": "info@klinik-salina.com",
        "healthcare": "doctor",
        "name": "Klinik Salina",
        "name:de": "Klinik Salina",
        "name:en": "Klinik Salina",
        "opening_hours": "Su-Th 09:00-17:00, 20:00-22:00; Sa 09:00-14:00",
        "phone": "+607-234 3944",
        "website": "http://www.klinik-salina.com"
      },
      "geometry": {
        "type": "Point",
        "coordinates": [
          103.6694554,
          1.4976301
        ]
      },
      "id": "node/4374478696"
    },
    {
      "type": "Feature",
      "properties": {
        "@id": "node/4375697816",
        "amenity": "doctors",
        "healthcare": "doctor",
        "name": "Pusat Pakar Sakitpuan Dan Perbidanan Khor & Loh"
      },
      "geometry": {
        "type": "Point",
        "coordinates": [
          103.6586638,
          1.4929317
        ]
      },
      "id": "node/4375697816"
    },
    {
      "type": "Feature",
      "properties": {
        "@id": "node/4402121789",
        "amenity": "clinic",
        "check_date": "2025-10-26",
        "healthcare": "clinic",
        "name": "Klinic Asia"
      },
      "geometry": {
        "type": "Point",
        "coordinates": [
          103.6678036,
          1.5312743
        ]
      },
      "id": "node/4402121789"
    },
    {
      "type": "Feature",
      "properties": {
        "@id": "node/4407696178",
        "amenity": "clinic",
        "healthcare": "clinic",
        "name": "Klinik Keshiatan Bekok",
        "name:en": "Bekok Medical Clinic",
        "name:ms": "Klinik Keshiatan Bekok",
        "name:zh": "彼咯健康诊所",
        "name:zh-Hans": "彼咯健康诊所",
        "name:zh-Hant": "彼咯健康診所",
        "operator": "Kementerian Kesihatan Malaysia",
        "operator:short": "KKM",
        "operator:wikidata": "Q4294352",
        "operator:wikipedia": "en:Ministry of Health (Malaysia)",
        "wheelchair": "yes"
      },
      "geometry": {
        "type": "Point",
        "coordinates": [
          103.1340353,
          2.2978099
        ]
      },
      "id": "node/4407696178"
    },
    {
      "type": "Feature",
      "properties": {
        "@id": "node/4438691689",
        "amenity": "clinic",
        "healthcare": "clinic",
        "name": "Teo TCM",
        "name:en": "Teo TCM"
      },
      "geometry": {
        "type": "Point",
        "coordinates": [
          103.5844636,
          1.4585187
        ]
      },
      "id": "node/4438691689"
    },
    {
      "type": "Feature",
      "properties": {
        "@id": "node/4722095889",
        "addr:housenumber": "75",
        "addr:postcode": "81100",
        "amenity": "clinic",
        "healthcare": "clinic",
        "name": "Theesan Clinic",
        "name:en": "Theesan Clinic",
        "opening_hours": "Mo-Su 09:00-22:00",
        "operator": "Dr Theesan",
        "phone": "073551150"
      },
      "geometry": {
        "type": "Point",
        "coordinates": [
          103.8043263,
          1.5426049
        ]
      },
      "id": "node/4722095889"
    },
    {
      "type": "Feature",
      "properties": {
        "@id": "node/4723499590",
        "addr:housenumber": "165",
        "addr:postcode": "80250",
        "addr:street": "Jalan Harimau",
        "amenity": "clinic",
        "healthcare": "clinic",
        "name": "Klinik Theesan",
        "name:en": "Theesan",
        "name:ms": "Klinik Theesan",
        "name:zh": "帝生药房",
        "opening_hours": "Mo-Su 09:00-00:00",
        "operator": "Dr Gunatheesan"
      },
      "geometry": {
        "type": "Point",
        "coordinates": [
          103.7600365,
          1.4863775
        ]
      },
      "id": "node/4723499590"
    },
    {
      "type": "Feature",
      "properties": {
        "@id": "node/4891858023",
        "addr:city": "Senai",
        "addr:housenumber": "31-G",
        "addr:postcode": "81400",
        "addr:street": "Jalan Terminal 5",
        "amenity": "clinic",
        "healthcare": "clinic",
        "name": "Poliklinik Penawar",
        "opening_hours": "Mo-Fr 09:00-22:00"
      },
      "geometry": {
        "type": "Point",
        "coordinates": [
          103.6631933,
          1.6356394
        ]
      },
      "id": "node/4891858023"
    },
    {
      "type": "Feature",
      "properties": {
        "@id": "node/5093985522",
        "amenity": "clinic",
        "check_date": "2025-10-26",
        "healthcare": "clinic",
        "name": "klinik ong",
        "name:en": "klinik ong"
      },
      "geometry": {
        "type": "Point",
        "coordinates": [
          103.6597209,
          1.5187398
        ]
      },
      "id": "node/5093985522"
    },
    {
      "type": "Feature",
      "properties": {
        "@id": "node/5146470823",
        "amenity": "clinic",
        "healthcare": "clinic"
      },
      "geometry": {
        "type": "Point",
        "coordinates": [
          103.9023981,
          1.4353172
        ]
      },
      "id": "node/5146470823"
    },
    {
      "type": "Feature",
      "properties": {
        "@id": "node/5404737424",
        "amenity": "clinic",
        "healthcare": "clinic",
        "name": "clinic salina"
      },
      "geometry": {
        "type": "Point",
        "coordinates": [
          103.5883041,
          1.5653447
        ]
      },
      "id": "node/5404737424"
    },
    {
      "type": "Feature",
      "properties": {
        "@id": "node/5404754821",
        "amenity": "clinic",
        "healthcare": "clinic",
        "name": "alam syifa"
      },
      "geometry": {
        "type": "Point",
        "coordinates": [
          103.5889724,
          1.5659655
        ]
      },
      "id": "node/5404754821"
    },
    {
      "type": "Feature",
      "properties": {
        "@id": "node/5423711843",
        "addr:city": "johor",
        "addr:postcode": "81900",
        "addr:street": "Jalan Cempaka",
        "amenity": "clinic",
        "healthcare": "clinic",
        "name": "Klinik Desa Felcra Sungai Ara",
        "opening_hours": "Su-Th 08:00-21:00"
      },
      "geometry": {
        "type": "Point",
        "coordinates": [
          103.8658333,
          2.0095769
        ]
      },
      "id": "node/5423711843"
    },
    {
      "type": "Feature",
      "properties": {
        "@id": "node/5429356599",
        "amenity": "clinic",
        "healthcare": "clinic",
        "name": "Klinik Penawar"
      },
      "geometry": {
        "type": "Point",
        "coordinates": [
          103.3340543,
          2.0377308
        ]
      },
      "id": "node/5429356599"
    },
    {
      "type": "Feature",
      "properties": {
        "@id": "node/5572928377",
        "amenity": "clinic",
        "healthcare": "clinic",
        "name": "First Aid Room"
      },
      "geometry": {
        "type": "Point",
        "coordinates": [
          104.2603641,
          1.5406716
        ]
      },
      "id": "node/5572928377"
    },
    {
      "type": "Feature",
      "properties": {
        "@id": "node/5572928378",
        "amenity": "clinic",
        "healthcare": "clinic",
        "healthcare:speciality": "general",
        "name": "First Aid Room",
        "operator": "Desaru Coast Adventure Water Park"
      },
      "geometry": {
        "type": "Point",
        "coordinates": [
          104.261911,
          1.5386392
        ]
      },
      "id": "node/5572928378"
    },
    {
      "type": "Feature",
      "properties": {
        "@id": "node/5584145734",
        "amenity": "clinic",
        "healthcare": "clinic",
        "name": "Poliklinik WeCare"
      },
      "geometry": {
        "type": "Point",
        "coordinates": [
          103.6792034,
          1.5197102
        ]
      },
      "id": "node/5584145734"
    },
    {
      "type": "Feature",
      "properties": {
        "@id": "node/5606457022",
        "amenity": "clinic",
        "healthcare": "clinic"
      },
      "geometry": {
        "type": "Point",
        "coordinates": [
          103.6910861,
          1.4546739
        ]
      },
      "id": "node/5606457022"
    },
    {
      "type": "Feature",
      "properties": {
        "@id": "node/5683600623",
        "amenity": "clinic",
        "healthcare": "clinic",
        "name": "Poliklinik penawar",
        "opening_hours": "24/7"
      },
      "geometry": {
        "type": "Point",
        "coordinates": [
          103.5926281,
          1.4506881
        ]
      },
      "id": "node/5683600623"
    },
    {
      "type": "Feature",
      "properties": {
        "@id": "node/5683607921",
        "addr:city": "Gelang Patah",
        "addr:street": "Medan Nusa Perintis 7",
        "amenity": "clinic",
        "healthcare": "clinic",
        "name": "Klinik Yethin GP"
      },
      "geometry": {
        "type": "Point",
        "coordinates": [
          103.5950426,
          1.450324
        ]
      },
      "id": "node/5683607921"
    },
    {
      "type": "Feature",
      "properties": {
        "@id": "node/5919868202",
        "addr:housenumber": "No 1 Nusajaya",
        "addr:postcode": "79100",
        "addr:street": "Jalan Idaman 9/3",
        "amenity": "clinic",
        "healthcare": "clinic",
        "name": "Dr Shah Clinic"
      },
      "geometry": {
        "type": "Point",
        "coordinates": [
          103.6414413,
          1.4740026
        ]
      },
      "id": "node/5919868202"
    },
    {
      "type": "Feature",
      "properties": {
        "@id": "node/6021171985",
        "amenity": "clinic",
        "healthcare": "clinic",
        "name": "Clinic grace"
      },
      "geometry": {
        "type": "Point",
        "coordinates": [
          103.8366182,
          2.4308053
        ]
      },
      "id": "node/6021171985"
    },
    {
      "type": "Feature",
      "properties": {
        "@id": "node/6036237985",
        "amenity": "clinic",
        "healthcare": "clinic",
        "name": "poliklinik keluarga"
      },
      "geometry": {
        "type": "Point",
        "coordinates": [
          102.5585166,
          2.059495
        ]
      },
      "id": "node/6036237985"
    },
    {
      "type": "Feature",
      "properties": {
        "@id": "node/6036276286",
        "amenity": "clinic",
        "healthcare": "clinic",
        "name": "Klinik Ilham"
      },
      "geometry": {
        "type": "Point",
        "coordinates": [
          102.5754,
          2.0485694
        ]
      },
      "id": "node/6036276286"
    },
    {
      "type": "Feature",
      "properties": {
        "@id": "node/6038536787",
        "amenity": "clinic",
        "healthcare": "clinic",
        "name": "klinik parit jawa"
      },
      "geometry": {
        "type": "Point",
        "coordinates": [
          102.6446908,
          1.9576231
        ]
      },
      "id": "node/6038536787"
    },
    {
      "type": "Feature",
      "properties": {
        "@id": "node/6038600188",
        "amenity": "clinic",
        "healthcare": "clinic",
        "name": "Klinik Desa Sarang Buaya",
        "operator": "Kementerian Kesihatan Malaysia",
        "operator:short": "KKM",
        "operator:type": "government",
        "operator:wikidata": "Q4294352",
        "source": "https://www.mapillary.com/app/?pKey=6JhGbK2YvHjnpMYwM9B40i&focus=photo"
      },
      "geometry": {
        "type": "Point",
        "coordinates": [
          102.7671097,
          1.8918785
        ]
      },
      "id": "node/6038600188"
    },
    {
      "type": "Feature",
      "properties": {
        "@id": "node/6038937287",
        "amenity": "clinic",
        "healthcare": "clinic",
        "name": "klinik perdana"
      },
      "geometry": {
        "type": "Point",
        "coordinates": [
          102.9513023,
          1.8422914
        ]
      },
      "id": "node/6038937287"
    },
    {
      "type": "Feature",
      "properties": {
        "@id": "node/6038983687",
        "amenity": "clinic",
        "healthcare": "clinic",
        "name": "first spinal care and physiotherapy"
      },
      "geometry": {
        "type": "Point",
        "coordinates": [
          102.9507505,
          1.8426831
        ]
      },
      "id": "node/6038983687"
    },
    {
      "type": "Feature",
      "properties": {
        "@id": "node/6040722089",
        "amenity": "clinic",
        "healthcare": "clinic",
        "name": "Klinik L' Medina",
        "opening_hours": "Mo-Su 08:00-02:00",
        "phone": "074325709"
      },
      "geometry": {
        "type": "Point",
        "coordinates": [
          102.9534187,
          1.8629127
        ]
      },
      "id": "node/6040722089"
    },
    {
      "type": "Feature",
      "properties": {
        "@id": "node/6040748386",
        "amenity": "clinic",
        "healthcare": "clinic",
        "name": "Klinik Sinar",
        "source": "https://openstreetcam.org/details/3734737/1162"
      },
      "geometry": {
        "type": "Point",
        "coordinates": [
          103.0223237,
          1.8541588
        ]
      },
      "id": "node/6040748386"
    },
    {
      "type": "Feature",
      "properties": {
        "@id": "node/6040813087",
        "amenity": "clinic",
        "healthcare": "clinic",
        "name": "Klinik 1 Malaysia"
      },
      "geometry": {
        "type": "Point",
        "coordinates": [
          103.3027041,
          2.0198504
        ]
      },
      "id": "node/6040813087"
    },
    {
      "type": "Feature",
      "properties": {
        "@id": "node/6040813088",
        "amenity": "clinic",
        "healthcare": "clinic",
        "name": "Poliklinik Intan"
      },
      "geometry": {
        "type": "Point",
        "coordinates": [
          103.3029225,
          2.0190486
        ]
      },
      "id": "node/6040813088"
    },
    {
      "type": "Feature",
      "properties": {
        "@id": "node/6124580386",
        "addr:city": "Johor Bahru",
        "addr:housenumber": "11",
        "addr:postcode": "81100",
        "addr:street": "Jalan Setia 3/11",
        "amenity": "clinic",
        "barrier": "fence",
        "email": "clinicharvinandadeline@gmail.com",
        "fence_type": "concrete",
        "healthcare": "clinic",
        "internet_access": "wlan",
        "name": "Harvin & Adeline Polyclinic",
        "operator": "Dr. Adeline Ann Ajit Singh",
        "phone": "+60129171785",
        "website": "http://facebook.com/HarvinAdelinePolyclinic"
      },
      "geometry": {
        "type": "Point",
        "coordinates": [
          103.7577021,
          1.5767397
        ]
      },
      "id": "node/6124580386"
    },
    {
      "type": "Feature",
      "properties": {
        "@id": "node/6189698487",
        "amenity": "clinic",
        "healthcare": "clinic",
        "name": "lai and surgery"
      },
      "geometry": {
        "type": "Point",
        "coordinates": [
          103.6507783,
          1.4770271
        ]
      },
      "id": "node/6189698487"
    },
    {
      "type": "Feature",
      "properties": {
        "@id": "node/6243444685",
        "addr:housenumber": "27",
        "addr:postcode": "81700",
        "addr:street": "Jalan Cendana 13",
        "amenity": "clinic",
        "healthcare": "clinic",
        "name": "klinik 1malaysia taman cendana"
      },
      "geometry": {
        "type": "Point",
        "coordinates": [
          103.9052279,
          1.4870392
        ]
      },
      "id": "node/6243444685"
    },
    {
      "type": "Feature",
      "properties": {
        "@id": "node/6251561779",
        "amenity": "clinic",
        "healthcare": "clinic",
        "name": "Rinicare Health Clinic"
      },
      "geometry": {
        "type": "Point",
        "coordinates": [
          103.63633,
          1.5221169
        ]
      },
      "id": "node/6251561779"
    },
    {
      "type": "Feature",
      "properties": {
        "@id": "node/6283938185",
        "amenity": "clinic",
        "healthcare": "clinic",
        "name": "Klinik 1 Malaysia Taman Cendana"
      },
      "geometry": {
        "type": "Point",
        "coordinates": [
          103.9051737,
          1.4870378
        ]
      },
      "id": "node/6283938185"
    },
    {
      "type": "Feature",
      "properties": {
        "@id": "node/6298873487",
        "amenity": "clinic",
        "healthcare": "clinic",
        "name": "Klinik Pergigian Masai"
      },
      "geometry": {
        "type": "Point",
        "coordinates": [
          103.8834889,
          1.4878947
        ]
      },
      "id": "node/6298873487"
    },
    {
      "type": "Feature",
      "properties": {
        "@id": "node/6328251886",
        "amenity": "clinic",
        "email": "hhealthcare08@gmail.com",
        "healthcare": "clinic",
        "name": "Poliklinik horizon family",
        "phone": "075539558"
      },
      "geometry": {
        "type": "Point",
        "coordinates": [
          103.6439923,
          1.4582825
        ]
      },
      "id": "node/6328251886"
    },
    {
      "type": "Feature",
      "properties": {
        "@id": "node/6396145986",
        "amenity": "clinic",
        "healthcare": "clinic",
        "name": "Poliklinik pekan nanas"
      },
      "geometry": {
        "type": "Point",
        "coordinates": [
          103.5838425,
          1.4599236
        ]
      },
      "id": "node/6396145986"
    },
    {
      "type": "Feature",
      "properties": {
        "@id": "node/6424655269",
        "addr:city": "Ulu Tiram",
        "addr:postcode": "81800",
        "amenity": "clinic",
        "healthcare": "clinic",
        "healthcare:speciality": "fertility",
        "name": "Klinik Desa Sungai Tiram",
        "operator": "Kementerian Kesihatan Malaysia",
        "operator:short": "KKM",
        "operator:wikidata": "Q4294352"
      },
      "geometry": {
        "type": "Point",
        "coordinates": [
          103.8804503,
          1.58534
        ]
      },
      "id": "node/6424655269"
    },
    {
      "type": "Feature",
      "properties": {
        "@id": "node/6432103129",
        "amenity": "clinic",
        "healthcare": "clinic",
        "name": "Klinik Desa Teluk Kerang",
        "name:zh": "直落吉兰乡区诊所",
        "operator": "Kementerian Kesihatan Malaysia",
        "operator:short": "KKM",
        "operator:wikidata": "Q4294352",
        "source": "https://www.mapillary.com/app/?pKey=1181797382245904&focus=photo"
      },
      "geometry": {
        "type": "Point",
        "coordinates": [
          103.426321,
          1.412454
        ]
      },
      "id": "node/6432103129"
    },
    {
      "type": "Feature",
      "properties": {
        "@id": "node/6481925585",
        "amenity": "clinic",
        "healthcare": "clinic",
        "name": "poliklinik not arasiah",
        "phone": "078634855"
      },
      "geometry": {
        "type": "Point",
        "coordinates": [
          103.8191465,
          1.6003344
        ]
      },
      "id": "node/6481925585"
    },
    {
      "type": "Feature",
      "properties": {
        "@id": "node/6482416591",
        "amenity": "clinic",
        "healthcare": "clinic"
      },
      "geometry": {
        "type": "Point",
        "coordinates": [
          103.9049269,
          1.7337825
        ]
      },
      "id": "node/6482416591"
    },
    {
      "type": "Feature",
      "properties": {
        "@id": "node/6572413684",
        "addr:street": "Jalan Sulaiman",
        "amenity": "doctors",
        "healthcare": "doctor",
        "internet_access": "wlan",
        "name": "Tey Specialist Maternity & Gynae"
      },
      "geometry": {
        "type": "Point",
        "coordinates": [
          102.5658651,
          2.044384
        ]
      },
      "id": "node/6572413684"
    },
    {
      "type": "Feature",
      "properties": {
        "@id": "node/6577894885",
        "amenity": "clinic",
        "healthcare": "clinic",
        "name": "klinik keluarga"
      },
      "geometry": {
        "type": "Point",
        "coordinates": [
          103.613771,
          1.5644183
        ]
      },
      "id": "node/6577894885"
    },
    {
      "type": "Feature",
      "properties": {
        "@id": "node/6595361785",
        "amenity": "clinic",
        "healthcare": "clinic"
      },
      "geometry": {
        "type": "Point",
        "coordinates": [
          103.3521866,
          2.0531061
        ]
      },
      "id": "node/6595361785"
    },
    {
      "type": "Feature",
      "properties": {
        "@id": "node/6603199285",
        "amenity": "clinic",
        "healthcare": "clinic"
      },
      "geometry": {
        "type": "Point",
        "coordinates": [
          103.3207747,
          2.033059
        ]
      },
      "id": "node/6603199285"
    },
    {
      "type": "Feature",
      "properties": {
        "@id": "node/6724595475",
        "amenity": "hospital",
        "description": "Specialize in trauma, bone, joint and pain management.",
        "healthcare": "hospital",
        "healthcare:speciality": "orthopaedics;clinic;radiology;surgery;physiotherapy",
        "name": "Century Orthopaedic Specialist Clinic",
        "name:ms": "Klinik Pakar Tulang Century",
        "name:zh": "新山世纪骨科专科诊所及物理治疗中心",
        "operator": "Dr Teo Pock Chin",
        "operator:type": "private",
        "phone": "07-331 1798",
        "website": "https://century-orthopaedic-physio.business.site",
        "wheelchair": "yes"
      },
      "geometry": {
        "type": "Point",
        "coordinates": [
          103.763189,
          1.4805663
        ]
      },
      "id": "node/6724595475"
    },
    {
      "type": "Feature",
      "properties": {
        "@id": "node/6871838628",
        "amenity": "clinic",
        "healthcare": "clinic",
        "name": "Klinik Kesihatan Kampung Kenangan"
      },
      "geometry": {
        "type": "Point",
        "coordinates": [
          102.5851382,
          2.0500165
        ]
      },
      "id": "node/6871838628"
    },
    {
      "type": "Feature",
      "properties": {
        "@id": "node/7265306732",
        "addr:city": "Taman Universiti",
        "addr:housenumber": "51&52",
        "addr:postcode": "81300",
        "addr:street": "Jalan Pendidikan 3",
        "amenity": "clinic",
        "healthcare": "clinic",
        "healthcare:speciality": "gynaecology",
        "name": "Perdana Specialist Maternity Centre"
      },
      "geometry": {
        "type": "Point",
        "coordinates": [
          103.6290241,
          1.5447964
        ]
      },
      "id": "node/7265306732"
    },
    {
      "type": "Feature",
      "properties": {
        "@id": "node/7266765845",
        "addr:city": "Batu Pahat",
        "addr:housenumber": "2-8",
        "addr:postcode": "83000",
        "addr:street": "Jalan Susur Perdana Tengah",
        "amenity": "doctors",
        "healthcare": "doctor",
        "name": "Klinik Pakar Kanak Kanak Allen",
        "phone": "07-439 3053"
      },
      "geometry": {
        "type": "Point",
        "coordinates": [
          102.9538441,
          1.843135
        ]
      },
      "id": "node/7266765845"
    },
    {
      "type": "Feature",
      "properties": {
        "@id": "node/7266765873",
        "addr:housenumber": "78",
        "amenity": "doctors",
        "healthcare": "doctor",
        "name": "Klinik Pakar Sakit Puan & Ibu Mengandung Kartik",
        "phone": "019-925 1290",
        "website": "https://klinik-pakar-sakit-puan-ibu-mengandung-kartik.business.site/"
      },
      "geometry": {
        "type": "Point",
        "coordinates": [
          102.9504284,
          1.8419766
        ]
      },
      "id": "node/7266765873"
    },
    {
      "type": "Feature",
      "properties": {
        "@id": "node/7266765880",
        "addr:housenumber": "92",
        "amenity": "clinic",
        "healthcare": "clinic",
        "name": "Klinik Taita",
        "phone": "07-433 6889"
      },
      "geometry": {
        "type": "Point",
        "coordinates": [
          102.9500365,
          1.8418389
        ]
      },
      "id": "node/7266765880"
    },
    {
      "type": "Feature",
      "properties": {
        "@id": "node/7273720887",
        "amenity": "clinic",
        "healthcare": "clinic",
        "name": "Klinik Kesihatan Cahaya Baru"
      },
      "geometry": {
        "type": "Point",
        "coordinates": [
          103.9350699,
          1.5239177
        ]
      },
      "id": "node/7273720887"
    },
    {
      "type": "Feature",
      "properties": {
        "@id": "node/7274360403",
        "addr:city": "Taman Universiti",
        "addr:housenumber": "27",
        "addr:postcode": "81300",
        "addr:street": "Jalan Kebudayaan 8",
        "amenity": "clinic",
        "healthcare": "clinic",
        "healthcare:speciality": "acupuncture;traditional_chinese_medicine;orthopaedics",
        "name": "Perubatan Cina Lim Han Lin",
        "opening_hours": "Mo-Fr 10:00-20:00; Su 9:15-18:00; Sa off"
      },
      "geometry": {
        "type": "Point",
        "coordinates": [
          103.6312099,
          1.5410715
        ]
      },
      "id": "node/7274360403"
    },
    {
      "type": "Feature",
      "properties": {
        "@id": "node/7280244202",
        "addr:city": "Simpang Renggam",
        "addr:housenumber": "3",
        "addr:postcode": "86200",
        "addr:street": "Jalan Delima",
        "amenity": "clinic",
        "healthcare": "clinic",
        "healthcare:speciality": "general",
        "name": "Poliklinik Penawar",
        "opening_hours": "24 hours",
        "phone": "07-755 1149"
      },
      "geometry": {
        "type": "Point",
        "coordinates": [
          103.3117216,
          1.826291
        ]
      },
      "id": "node/7280244202"
    },
    {
      "type": "Feature",
      "properties": {
        "@id": "node/7283906589",
        "addr:city": "Simpang Renggam",
        "addr:housenumber": "No B4",
        "addr:postcode": "86200",
        "addr:street": "Jalan Besar",
        "amenity": "clinic",
        "healthcare": "clinic",
        "healthcare:speciality": "general",
        "name": "Klinik Bakti Simpang Renggam",
        "phone": "07-755 0485"
      },
      "geometry": {
        "type": "Point",
        "coordinates": [
          103.3108926,
          1.8260386
        ]
      },
      "id": "node/7283906589"
    },
    {
      "type": "Feature",
      "properties": {
        "@id": "node/7283906599",
        "addr:city": "Simpang Renggam",
        "addr:housenumber": "No 32",
        "addr:postcode": "86200",
        "addr:street": "Jalan Rumas",
        "amenity": "clinic",
        "healthcare": "clinic",
        "healthcare:speciality": "general",
        "name": "Klinik Lee",
        "phone": "07-755 6985"
      },
      "geometry": {
        "type": "Point",
        "coordinates": [
          103.3091304,
          1.8309525
        ]
      },
      "id": "node/7283906599"
    },
    {
      "type": "Feature",
      "properties": {
        "@id": "node/7284027639",
        "addr:city": "Simpang Renggam",
        "addr:housenumber": "No 104",
        "addr:postcode": "86200",
        "addr:street": "Jalan Besar",
        "amenity": "clinic",
        "healthcare": "clinic",
        "healthcare:speciality": "general",
        "name": "Klinik Rafeah"
      },
      "geometry": {
        "type": "Point",
        "coordinates": [
          103.3105726,
          1.826332
        ]
      },
      "id": "node/7284027639"
    },
    {
      "type": "Feature",
      "properties": {
        "@id": "node/7284027646",
        "addr:city": "Simpang Renggam",
        "addr:postcode": "86200",
        "addr:street": "Jalan Persekutuan 1",
        "amenity": "clinic",
        "healthcare": "clinic",
        "healthcare:speciality": "dentist",
        "name": "Klinik Doktor Gigi Yang",
        "opening_hours": "Mo-Su 09:00-18:00"
      },
      "geometry": {
        "type": "Point",
        "coordinates": [
          103.3096144,
          1.8270988
        ]
      },
      "id": "node/7284027646"
    },
    {
      "type": "Feature",
      "properties": {
        "@id": "node/7417194270",
        "amenity": "clinic",
        "healthcare": "clinic",
        "name": "Klinik Famili"
      },
      "geometry": {
        "type": "Point",
        "coordinates": [
          103.7109523,
          1.5449014
        ]
      },
      "id": "node/7417194270"
    },
    {
      "type": "Feature",
      "properties": {
        "@id": "node/7417194276",
        "amenity": "clinic",
        "healthcare": "clinic",
        "name": "Klinik Shakthi & Surgeri"
      },
      "geometry": {
        "type": "Point",
        "coordinates": [
          103.7113261,
          1.5443334
        ]
      },
      "id": "node/7417194276"
    },
    {
      "type": "Feature",
      "properties": {
        "@id": "node/7417262416",
        "amenity": "clinic",
        "healthcare": "clinic",
        "name": "Klinik Raihan"
      },
      "geometry": {
        "type": "Point",
        "coordinates": [
          103.7108526,
          1.5426348
        ]
      },
      "id": "node/7417262416"
    },
    {
      "type": "Feature",
      "properties": {
        "@id": "node/7417319890",
        "amenity": "clinic",
        "healthcare": "clinic",
        "name": "Klinik Lai"
      },
      "geometry": {
        "type": "Point",
        "coordinates": [
          103.7132015,
          1.5454996
        ]
      },
      "id": "node/7417319890"
    },
    {
      "type": "Feature",
      "properties": {
        "@id": "node/7432913791",
        "amenity": "clinic",
        "healthcare": "clinic",
        "name": "Klinik Tan"
      },
      "geometry": {
        "type": "Point",
        "coordinates": [
          103.7384354,
          1.5576991
        ]
      },
      "id": "node/7432913791"
    },
    {
      "type": "Feature",
      "properties": {
        "@id": "node/7432914997",
        "amenity": "clinic",
        "healthcare": "clinic",
        "name": "Klinik Azreen"
      },
      "geometry": {
        "type": "Point",
        "coordinates": [
          103.7447574,
          1.5707888
        ]
      },
      "id": "node/7432914997"
    },
    {
      "type": "Feature",
      "properties": {
        "@id": "node/7432915003",
        "amenity": "clinic",
        "healthcare": "clinic",
        "name": "Klinik Johor"
      },
      "geometry": {
        "type": "Point",
        "coordinates": [
          103.744285,
          1.5704206
        ]
      },
      "id": "node/7432915003"
    },
    {
      "type": "Feature",
      "properties": {
        "@id": "node/7553890351",
        "amenity": "clinic",
        "healthcare": "clinic",
        "name": "Pusat Perubatan Teen Yi"
      },
      "geometry": {
        "type": "Point",
        "coordinates": [
          103.6682325,
          1.5144741
        ]
      },
      "id": "node/7553890351"
    },
    {
      "type": "Feature",
      "properties": {
        "@id": "node/7553897802",
        "amenity": "clinic",
        "healthcare": "clinic",
        "name": "Poliklinik Permai Polyclinics"
      },
      "geometry": {
        "type": "Point",
        "coordinates": [
          103.6705822,
          1.5155422
        ]
      },
      "id": "node/7553897802"
    },
    {
      "type": "Feature",
      "properties": {
        "@id": "node/7553897810",
        "amenity": "clinic",
        "healthcare": "clinic",
        "name": "Klinik Ido's Clinic"
      },
      "geometry": {
        "type": "Point",
        "coordinates": [
          103.670008,
          1.515171
        ]
      },
      "id": "node/7553897810"
    },
    {
      "type": "Feature",
      "properties": {
        "@id": "node/7554130059",
        "amenity": "clinic",
        "healthcare": "clinic",
        "name": "Poliklinik Abreza"
      },
      "geometry": {
        "type": "Point",
        "coordinates": [
          103.6846417,
          1.4807596
        ]
      },
      "id": "node/7554130059"
    },
    {
      "type": "Feature",
      "properties": {
        "@id": "node/7554130970",
        "amenity": "clinic",
        "healthcare": "clinic",
        "name": "Poliklinik Penawar"
      },
      "geometry": {
        "type": "Point",
        "coordinates": [
          103.6854129,
          1.4816425
        ]
      },
      "id": "node/7554130970"
    },
    {
      "type": "Feature",
      "properties": {
        "@id": "node/7555418243",
        "amenity": "clinic",
        "healthcare": "clinic",
        "name": "Klinik Revival ME Clinic"
      },
      "geometry": {
        "type": "Point",
        "coordinates": [
          103.6674101,
          1.517222
        ]
      },
      "id": "node/7555418243"
    },
    {
      "type": "Feature",
      "properties": {
        "@id": "node/7555418252",
        "addr:city": "Skudai",
        "addr:housenumber": "8, 8A, 8B",
        "addr:postcode": "81300",
        "addr:street": "Jalan Sutera Tanjung 8/3",
        "amenity": "clinic",
        "healthcare": "clinic",
        "name": "Lyvin Clinic",
        "opening_hours": "Mo-Sa 10:00-18:30"
      },
      "geometry": {
        "type": "Point",
        "coordinates": [
          103.6670643,
          1.5170786
        ]
      },
      "id": "node/7555418252"
    },
    {
      "type": "Feature",
      "properties": {
        "@id": "node/7555421558",
        "amenity": "clinic",
        "healthcare": "clinic",
        "name": "Klinik Medical Clinic"
      },
      "geometry": {
        "type": "Point",
        "coordinates": [
          103.6695023,
          1.5153336
        ]
      },
      "id": "node/7555421558"
    },
    {
      "type": "Feature",
      "properties": {
        "@id": "node/7555547033",
        "amenity": "doctors",
        "name": "Pusat Perubatan Tradisional Cina Nature Concept TCM Healthcare"
      },
      "geometry": {
        "type": "Point",
        "coordinates": [
          103.6803399,
          1.518417
        ]
      },
      "id": "node/7555547033"
    },
    {
      "type": "Feature",
      "properties": {
        "@id": "node/7555553629",
        "amenity": "clinic",
        "healthcare": "clinic",
        "name": "Klinik Diagnostik BP"
      },
      "geometry": {
        "type": "Point",
        "coordinates": [
          103.6799455,
          1.52077
        ]
      },
      "id": "node/7555553629"
    },
    {
      "type": "Feature",
      "properties": {
        "@id": "node/7555646038",
        "amenity": "clinic",
        "healthcare": "clinic",
        "name": "Poliklinik Dan Surgeri"
      },
      "geometry": {
        "type": "Point",
        "coordinates": [
          103.6868151,
          1.5069286
        ]
      },
      "id": "node/7555646038"
    },
    {
      "type": "Feature",
      "properties": {
        "@id": "node/7555668705",
        "amenity": "clinic",
        "healthcare": "clinic",
        "name": "Poliklinik Bintang"
      },
      "geometry": {
        "type": "Point",
        "coordinates": [
          103.6877614,
          1.5070938
        ]
      },
      "id": "node/7555668705"
    },
    {
      "type": "Feature",
      "properties": {
        "@id": "node/7692160999",
        "amenity": "clinic",
        "healthcare": "clinic",
        "name": "Klinik Kurnia",
        "name:en": "Kurnia Clinic",
        "name:ms": "Klinik Kurnia",
        "operator": "Klinik Kurnia"
      },
      "geometry": {
        "type": "Point",
        "coordinates": [
          102.9492079,
          1.8352182
        ]
      },
      "id": "node/7692160999"
    },
    {
      "type": "Feature",
      "properties": {
        "@id": "node/7693521287",
        "amenity": "clinic",
        "healthcare": "clinic",
        "healthcare:speciality": "traditional_chinese_medicine",
        "name": "Jing Sen",
        "name:zh": "珍宸中医",
        "source": "https://openstreetcam.org/details/2099890/2286"
      },
      "geometry": {
        "type": "Point",
        "coordinates": [
          103.6562148,
          1.4947
        ]
      },
      "id": "node/7693521287"
    },
    {
      "type": "Feature",
      "properties": {
        "@id": "node/7818460000",
        "amenity": "clinic",
        "healthcare": "clinic",
        "name": "Klinik Dr Ko",
        "name:ms": "Klinik Dr Ko",
        "source": "https://openstreetcam.org/details/2094702/47/track-info",
        "source:date": "2020-03-26"
      },
      "geometry": {
        "type": "Point",
        "coordinates": [
          103.6195897,
          1.6412383
        ]
      },
      "id": "node/7818460000"
    },
    {
      "type": "Feature",
      "properties": {
        "@id": "node/7818492216",
        "amenity": "clinic",
        "healthcare": "clinic",
        "name": "Klinik Ar-Raudah Damai",
        "source": "https://openstreetcam.org/details/2094702/142/track-info",
        "source:date": "2020-03-26"
      },
      "geometry": {
        "type": "Point",
        "coordinates": [
          103.6240773,
          1.6502302
        ]
      },
      "id": "node/7818492216"
    },
    {
      "type": "Feature",
      "properties": {
        "@id": "node/7871101097",
        "amenity": "clinic",
        "healthcare": "clinic",
        "name": "Poliklinik Sejahtera",
        "source": "https://www.mapillary.com/app/?pKey=4EPE7lIHcLXMWa1QgbeTUC&focus=photo"
      },
      "geometry": {
        "type": "Point",
        "coordinates": [
          103.3144031,
          1.7895718
        ]
      },
      "id": "node/7871101097"
    },
    {
      "type": "Feature",
      "properties": {
        "@id": "node/7984260537",
        "amenity": "clinic",
        "healthcare": "clinic",
        "name": "Kelinik Jaya"
      },
      "geometry": {
        "type": "Point",
        "coordinates": [
          102.8828266,
          1.9755713
        ]
      },
      "id": "node/7984260537"
    },
    {
      "type": "Feature",
      "properties": {
        "@id": "node/7991292707",
        "amenity": "clinic",
        "healthcare": "clinic",
        "name": "Klinik Desa Rawang"
      },
      "geometry": {
        "type": "Point",
        "coordinates": [
          102.5567225,
          2.1224527
        ]
      },
      "id": "node/7991292707"
    },
    {
      "type": "Feature",
      "properties": {
        "@id": "node/7991292770",
        "amenity": "clinic",
        "healthcare": "clinic",
        "name": "Klinik Desa Bukit Kangkar"
      },
      "geometry": {
        "type": "Point",
        "coordinates": [
          102.5496185,
          2.1796961
        ]
      },
      "id": "node/7991292770"
    },
    {
      "type": "Feature",
      "properties": {
        "@id": "node/7991634109",
        "amenity": "clinic",
        "healthcare": "clinic",
        "name": "Klinik Komuniti Taman Mega Ria"
      },
      "geometry": {
        "type": "Point",
        "coordinates": [
          102.5303202,
          2.2544804
        ]
      },
      "id": "node/7991634109"
    },
    {
      "type": "Feature",
      "properties": {
        "@id": "node/8021340685",
        "amenity": "clinic",
        "healthcare": "clinic",
        "healthcare:speciality": "gynaecology",
        "name": "Klinik Pakar Lim",
        "name:ms": "Klinik Pakar Lim",
        "name:zh": "林氏妇产专科药房",
        "name:zh-Hans": "林氏妇产专科药房",
        "name:zh-Hant": "林氏婦產專科藥房"
      },
      "geometry": {
        "type": "Point",
        "coordinates": [
          102.8160664,
          2.505997
        ]
      },
      "id": "node/8021340685"
    },
    {
      "type": "Feature",
      "properties": {
        "@id": "node/8085898536",
        "amenity": "clinic",
        "healthcare": "clinic",
        "name": "Poliklinik Penawar",
        "opening_hours": "24/7"
      },
      "geometry": {
        "type": "Point",
        "coordinates": [
          103.8688713,
          1.493848
        ]
      },
      "id": "node/8085898536"
    },
    {
      "type": "Feature",
      "properties": {
        "@id": "node/8167870908",
        "amenity": "clinic",
        "healthcare": "clinic",
        "healthcare:speciality": "optometry",
        "name": "Top Vision",
        "name:en": "Top Vision",
        "source": "https://openstreetcam.org/details/2363582/135"
      },
      "geometry": {
        "type": "Point",
        "coordinates": [
          103.6270251,
          1.6382017
        ]
      },
      "id": "node/8167870908"
    },
    {
      "type": "Feature",
      "properties": {
        "@id": "node/8184232775",
        "amenity": "clinic",
        "name": "Klinik Puvvan"
      },
      "geometry": {
        "type": "Point",
        "coordinates": [
          103.7668093,
          1.572855
        ]
      },
      "id": "node/8184232775"
    },
    {
      "type": "Feature",
      "properties": {
        "@id": "node/8191056479",
        "amenity": "clinic",
        "name": "Klinik Komuniti Bandar Baru Kangkar Pulai",
        "operator": "KKM"
      },
      "geometry": {
        "type": "Point",
        "coordinates": [
          103.5881527,
          1.553018
        ]
      },
      "id": "node/8191056479"
    },
    {
      "type": "Feature",
      "properties": {
        "@id": "node/8242877828",
        "amenity": "clinic",
        "healthcare": "clinic",
        "name": "Klinik Ooi dan Surgeri",
        "name:ms": "Klinik Ooi dan Surgeri",
        "name:zh": "黄氏药房",
        "name:zh-Hans": "黄氏药房",
        "name:zh-Hant": "黃氏藥房"
      },
      "geometry": {
        "type": "Point",
        "coordinates": [
          103.6105585,
          1.6513348
        ]
      },
      "id": "node/8242877828"
    },
    {
      "type": "Feature",
      "properties": {
        "@id": "node/8252127294",
        "amenity": "clinic",
        "healthcare": "clinic",
        "name": "Poliklinik Indah & Surgeri"
      },
      "geometry": {
        "type": "Point",
        "coordinates": [
          103.5741582,
          1.6553498
        ]
      },
      "id": "node/8252127294"
    },
    {
      "type": "Feature",
      "properties": {
        "@id": "node/8296325022",
        "amenity": "clinic",
        "name": "Klinik MM Care"
      },
      "geometry": {
        "type": "Point",
        "coordinates": [
          103.5840516,
          1.4614
        ]
      },
      "id": "node/8296325022"
    },
    {
      "type": "Feature",
      "properties": {
        "@id": "node/8370639208",
        "amenity": "clinic",
        "healthcare": "clinic",
        "healthcare:speciality": "orthodontics",
        "name": "Klinik Pakar Ortodontik Muar",
        "operator": "Kementerian Kesiharan Malaysit",
        "operator:type": "government"
      },
      "geometry": {
        "type": "Point",
        "coordinates": [
          102.5640848,
          2.0447204
        ]
      },
      "id": "node/8370639208"
    },
    {
      "type": "Feature",
      "properties": {
        "@id": "node/8646615624",
        "amenity": "clinic",
        "healthcare": "clinic",
        "name": "Poliklinik Al-Amin (BP)"
      },
      "geometry": {
        "type": "Point",
        "coordinates": [
          102.9525984,
          1.9128959
        ]
      },
      "id": "node/8646615624"
    },
    {
      "type": "Feature",
      "properties": {
        "@id": "node/8779178545",
        "addr:city": "Tangkak",
        "addr:housenumber": "1",
        "addr:postcode": "84900",
        "addr:street": "Jalan Perniagaan Payamas",
        "amenity": "clinic",
        "healthcare": "clinic",
        "name": "Klinik Pergigian Hlite"
      },
      "geometry": {
        "type": "Point",
        "coordinates": [
          102.5437271,
          2.2735272
        ]
      },
      "id": "node/8779178545"
    },
    {
      "type": "Feature",
      "properties": {
        "@id": "node/8847072644",
        "amenity": "clinic",
        "healthcare": "clinic",
        "healthcare:speciality": "ophthalmology",
        "level": "1",
        "name": "Klinik Pakar Matar Vista Eye Specialist",
        "name:en": "Vista Eye Specialist",
        "name:ms": "Klinik Pakar Matar Vista Eye Specialist",
        "name:zh": "眼科中心",
        "source": "https://openstreetcam.org/details/2291554/715"
      },
      "geometry": {
        "type": "Point",
        "coordinates": [
          103.782775,
          1.5559915
        ]
      },
      "id": "node/8847072644"
    },
    {
      "type": "Feature",
      "properties": {
        "@id": "node/8848022084",
        "amenity": "clinic",
        "mapillary": "483543979638042",
        "name": "Klinik Desa Parit Marjunit"
      },
      "geometry": {
        "type": "Point",
        "coordinates": [
          103.3063424,
          1.6720019
        ]
      },
      "id": "node/8848022084"
    },
    {
      "type": "Feature",
      "properties": {
        "@id": "node/8850763180",
        "amenity": "doctors",
        "healthcare": "doctor",
        "name": "Klinik Rompin",
        "opening_hours": "Mo-Sa 15:00-19:00"
      },
      "geometry": {
        "type": "Point",
        "coordinates": [
          103.6265106,
          2.6487812
        ]
      },
      "id": "node/8850763180"
    },
    {
      "type": "Feature",
      "properties": {
        "@id": "node/8870087622",
        "amenity": "clinic",
        "healthcare": "clinic",
        "source": "https://openstreetcam.org/details/2345542/4933"
      },
      "geometry": {
        "type": "Point",
        "coordinates": [
          103.4016612,
          1.5586733
        ]
      },
      "id": "node/8870087622"
    },
    {
      "type": "Feature",
      "properties": {
        "@id": "node/9433161086",
        "addr:city": "ULU TIRAM",
        "addr:housenumber": "85",
        "addr:postcode": "81800",
        "addr:street": "JALAN TANJONG 1, TAMAN DESA CEMERLANG",
        "amenity": "hospital",
        "email": "klinikpergigiancemerlang@gmail.com",
        "emergency": "no",
        "healthcare": "hospital",
        "name": "KLINIK PERGIGIAN CEMERLANG"
      },
      "geometry": {
        "type": "Point",
        "coordinates": [
          103.8093834,
          1.559738
        ]
      },
      "id": "node/9433161086"
    },
    {
      "type": "Feature",
      "properties": {
        "@id": "node/9644871871",
        "addr:city": "Johor Bahru, Johor",
        "addr:housenumber": "01-09",
        "addr:postcode": "80150",
        "addr:street": "Persiaran Southkey 1",
        "amenity": "hospital",
        "email": "cs@theeyess.com",
        "emergency": "no",
        "healthcare": "hospital",
        "healthcare:speciality": "ophthalmology",
        "name": "The Eye Specialist Southkey (眼科专家 Southkey)",
        "operator": "The Eye Specialist Southkey",
        "operator:type": "private",
        "phone": "+6073365674"
      },
      "geometry": {
        "type": "Point",
        "coordinates": [
          103.7761565,
          1.4975955
        ]
      },
      "id": "node/9644871871"
    },
    {
      "type": "Feature",
      "properties": {
        "@id": "node/9666875134",
        "addr:city": "Johor Bahru",
        "addr:housenumber": "39-G",
        "addr:postcode": "81100",
        "addr:street": "Jalan Mutiara Indah 1",
        "air_conditioning": "yes",
        "amenity": "clinic",
        "healthcare": "clinic",
        "healthcare:speciality": "general;vaccination",
        "name": "Klinik Mutiara",
        "opening_hours": "Mo-Su 08:00-23:00",
        "operator": "JassMedicare Sdn Bd",
        "operator:type": "private"
      },
      "geometry": {
        "type": "Point",
        "coordinates": [
          103.7461551,
          1.5387888
        ]
      },
      "id": "node/9666875134"
    },
    {
      "type": "Feature",
      "properties": {
        "@id": "node/9671739763",
        "addr:city": "SENAI",
        "addr:housenumber": "NO 11",
        "addr:postcode": "81400",
        "addr:street": "JALAN SENAI JAYA 2/2, TAMAN SENAI JAYA",
        "amenity": "hospital",
        "healthcare": "hospital",
        "name": "KLINIK LESTARI"
      },
      "geometry": {
        "type": "Point",
        "coordinates": [
          103.6675979,
          1.6101903
        ]
      },
      "id": "node/9671739763"
    },
    {
      "type": "Feature",
      "properties": {
        "@id": "node/9863744257",
        "addr:city": "Johor Bahru",
        "addr:housenumber": "17",
        "addr:postcode": "81100",
        "addr:street": "Jalan Setia 3/8",
        "amenity": "clinic",
        "healthcare": "clinic",
        "name": "Klinik Wah",
        "name:zh": "华氏西药房"
      },
      "geometry": {
        "type": "Point",
        "coordinates": [
          103.7590833,
          1.5727599
        ]
      },
      "id": "node/9863744257"
    },
    {
      "type": "Feature",
      "properties": {
        "@id": "node/9878204970",
        "addr:city": "Johor Bahru",
        "addr:housenumber": "10",
        "addr:postcode": "81100",
        "addr:street": "Jalan Sagu 1",
        "amenity": "clinic",
        "healthcare": "clinic",
        "name": "Klinik Asia Taman Daya",
        "name:ms": "Klinik Asia Taman Daya",
        "operator": "ACG Healthcare Sdn Bhd"
      },
      "geometry": {
        "type": "Point",
        "coordinates": [
          103.7637037,
          1.5435151
        ]
      },
      "id": "node/9878204970"
    },
    {
      "type": "Feature",
      "properties": {
        "@id": "node/9878243389",
        "amenity": "clinic",
        "healthcare": "clinic",
        "name": "Klinik Dr. Z"
      },
      "geometry": {
        "type": "Point",
        "coordinates": [
          103.7585868,
          1.5597327
        ]
      },
      "id": "node/9878243389"
    },
    {
      "type": "Feature",
      "properties": {
        "@id": "node/9878376542",
        "addr:city": "Johor Bahru",
        "addr:housenumber": "11-G",
        "addr:postcode": "81100",
        "addr:street": "Jalan Adda 3/1",
        "amenity": "clinic",
        "healthcare": "clinic",
        "name": "Pusat Rawatan Pakar Kanak-kanak Adda"
      },
      "geometry": {
        "type": "Point",
        "coordinates": [
          103.7438743,
          1.5486601
        ]
      },
      "id": "node/9878376542"
    },
    {
      "type": "Feature",
      "properties": {
        "@id": "node/9878376552",
        "addr:city": "Johor Bahru",
        "addr:housenumber": "92",
        "addr:postcode": "81100",
        "addr:street": "Jalan Adda 7",
        "amenity": "clinic",
        "healthcare": "clinic",
        "name": "Klinik Central",
        "name:zh": "综合医务所",
        "opening_hours": "24/7"
      },
      "geometry": {
        "type": "Point",
        "coordinates": [
          103.7453403,
          1.5473223
        ]
      },
      "id": "node/9878376552"
    },
    {
      "type": "Feature",
      "properties": {
        "@id": "node/9891929903",
        "amenity": "clinic",
        "name": "Klinik Pagoh"
      },
      "geometry": {
        "type": "Point",
        "coordinates": [
          102.7717741,
          2.1497125
        ]
      },
      "id": "node/9891929903"
    },
    {
      "type": "Feature",
      "properties": {
        "@id": "node/9892831624",
        "addr:city": "Johor Bahru",
        "addr:housenumber": "6",
        "addr:postcode": "81100",
        "addr:street": "Jalan Perjiranan 4/1",
        "amenity": "clinic",
        "healthcare": "clinic",
        "name": "i-SiHAT Clinic",
        "name:ms": "Klinik Keluarga i-Sihat"
      },
      "geometry": {
        "type": "Point",
        "coordinates": [
          103.7345206,
          1.5625363
        ]
      },
      "id": "node/9892831624"
    },
    {
      "type": "Feature",
      "properties": {
        "@id": "node/9929962049",
        "amenity": "clinic",
        "healthcare": "clinic",
        "name": "Klinik Taman Daya JB",
        "name:zh": "福林园医务所"
      },
      "geometry": {
        "type": "Point",
        "coordinates": [
          103.758843,
          1.5664414
        ]
      },
      "id": "node/9929962049"
    },
    {
      "type": "Feature",
      "properties": {
        "@id": "node/10088390804",
        "amenity": "clinic",
        "healthcare": "clinic",
        "name": "Family Clinic Batu Pahat",
        "website": "https://www.facebook.com/Familyclinicbp/"
      },
      "geometry": {
        "type": "Point",
        "coordinates": [
          102.9567086,
          1.8114451
        ]
      },
      "id": "node/10088390804"
    },
    {
      "type": "Feature",
      "properties": {
        "@id": "node/10238204489",
        "amenity": "clinic",
        "healthcare": "clinic"
      },
      "geometry": {
        "type": "Point",
        "coordinates": [
          103.6314825,
          1.4257376
        ]
      },
      "id": "node/10238204489"
    },
    {
      "type": "Feature",
      "properties": {
        "@id": "node/10296350394",
        "amenity": "doctors",
        "healthcare": "doctor",
        "name": "Poliklinik P & Lee"
      },
      "geometry": {
        "type": "Point",
        "coordinates": [
          103.3321307,
          2.0371447
        ]
      },
      "id": "node/10296350394"
    },
    {
      "type": "Feature",
      "properties": {
        "@id": "node/10605280399",
        "amenity": "doctors",
        "healthcare": "doctor",
        "name": "Guoyi Tang",
        "name:zh": "國醫堂",
        "name:zh-Latn": "Guoyi Tang"
      },
      "geometry": {
        "type": "Point",
        "coordinates": [
          103.664373,
          1.4809288
        ]
      },
      "id": "node/10605280399"
    },
    {
      "type": "Feature",
      "properties": {
        "@id": "node/10605280402",
        "amenity": "clinic",
        "healthcare": "clinic",
        "name": "Klinik Lee & Surgeri",
        "name:ms": "Klinik Lee & Surgeri",
        "name:zh": "李氏醫務所"
      },
      "geometry": {
        "type": "Point",
        "coordinates": [
          103.6638755,
          1.4811654
        ]
      },
      "id": "node/10605280402"
    },
    {
      "type": "Feature",
      "properties": {
        "@id": "node/10605285590",
        "amenity": "clinic",
        "healthcare": "clinic",
        "name": "Klinik Achutha"
      },
      "geometry": {
        "type": "Point",
        "coordinates": [
          103.6647733,
          1.4795613
        ]
      },
      "id": "node/10605285590"
    },
    {
      "type": "Feature",
      "properties": {
        "@id": "node/10605285593",
        "amenity": "clinic",
        "healthcare": "clinic",
        "name": "Famicare Medical Clinic"
      },
      "geometry": {
        "type": "Point",
        "coordinates": [
          103.6649188,
          1.4788427
        ]
      },
      "id": "node/10605285593"
    },
    {
      "type": "Feature",
      "properties": {
        "@id": "node/10605293589",
        "amenity": "clinic",
        "healthcare": "clinic",
        "name": "Klinik Mediviron",
        "name:ms": "Klinik Mediviron",
        "name:zh": "马安药房",
        "operator": "Klinik Mediviron",
        "operator:type": "private",
        "operator:wikidata": "Q97498892"
      },
      "geometry": {
        "type": "Point",
        "coordinates": [
          103.6570707,
          1.4801465
        ]
      },
      "id": "node/10605293589"
    },
    {
      "type": "Feature",
      "properties": {
        "@id": "node/10605295225",
        "amenity": "clinic",
        "healthcare": "clinic",
        "name": "Klinik Kenko",
        "name:en": "Klinik Kenko",
        "name:zh": "林许医务所"
      },
      "geometry": {
        "type": "Point",
        "coordinates": [
          103.6615332,
          1.4815723
        ]
      },
      "id": "node/10605295225"
    },
    {
      "type": "Feature",
      "properties": {
        "@id": "node/10605295234",
        "amenity": "clinic",
        "healthcare": "clinic",
        "name": "Estee Clinic"
      },
      "geometry": {
        "type": "Point",
        "coordinates": [
          103.6601016,
          1.4824873
        ]
      },
      "id": "node/10605295234"
    },
    {
      "type": "Feature",
      "properties": {
        "@id": "node/10752228504",
        "addr:city": "Johor Bahru",
        "addr:housenumber": "9",
        "addr:postcode": "81100",
        "addr:street": "Jalan Setia 3/5",
        "amenity": "clinic",
        "healthcare": "clinic",
        "name": "Klinik Roswati"
      },
      "geometry": {
        "type": "Point",
        "coordinates": [
          103.7581318,
          1.5722497
        ]
      },
      "id": "node/10752228504"
    },
    {
      "type": "Feature",
      "properties": {
        "@id": "node/10752228905",
        "addr:city": "Johor Bahru",
        "addr:housenumber": "11",
        "addr:postcode": "81100",
        "addr:street": "Jalan Setia 3/5",
        "amenity": "clinic",
        "healthcare": "clinic",
        "name": "Klinik Setia Indah",
        "name:zh": "谢忠卫医务所"
      },
      "geometry": {
        "type": "Point",
        "coordinates": [
          103.7580728,
          1.572247
        ]
      },
      "id": "node/10752228905"
    },
    {
      "type": "Feature",
      "properties": {
        "@id": "node/10828314077",
        "addr:city": "Johor Bahru",
        "addr:housenumber": "10",
        "addr:postcode": "81100",
        "addr:street": "Jalan Setia 3/12",
        "amenity": "clinic",
        "healthcare": "clinic",
        "name": "Kang Ming Family Clinic",
        "operator": "Klinik Kang Ming Family Clinic Sdn Bhd"
      },
      "geometry": {
        "type": "Point",
        "coordinates": [
          103.758309,
          1.5765711
        ]
      },
      "id": "node/10828314077"
    },
    {
      "type": "Feature",
      "properties": {
        "@id": "node/10841435863",
        "amenity": "clinic",
        "healthcare": "clinic",
        "name": "Poliklinik Kathi",
        "source": "kartaview"
      },
      "geometry": {
        "type": "Point",
        "coordinates": [
          103.762809,
          1.5451025
        ]
      },
      "id": "node/10841435863"
    },
    {
      "type": "Feature",
      "properties": {
        "@id": "node/10845302341",
        "addr:city": "Batu Pahat",
        "addr:housenumber": "141",
        "addr:postcode": "83000",
        "addr:street": "Jalan Susur Perdana Tengah",
        "amenity": "hospital",
        "emergency": "no",
        "healthcare": "hospital",
        "healthcare:speciality": "traditional_chinese_medicine;general;chiropractic;gynaecology;internal;paediatrics;osteopathy;dermatology;psychiatry;physiotherapy;covid19;hydrotherapy;acupuncture;surgery;body;systemic;rheumatology",
        "name": "杏福堂中医诊所",
        "name:en": "Happiness Traditional Chinese Medicine Centre",
        "name:zh": "杏福堂中医诊所",
        "note": "Clinic, Klinik, TCM, Traditional Chinese Medicine, SPA",
        "operator": "VICKY CHANG",
        "phone": "+60189809387",
        "wheelchair": "yes"
      },
      "geometry": {
        "type": "Point",
        "coordinates": [
          102.9491752,
          1.8420797
        ]
      },
      "id": "node/10845302341"
    },
    {
      "type": "Feature",
      "properties": {
        "@id": "node/10858968181",
        "amenity": "hospital",
        "healthcare": "hospital",
        "name": "Maria Hospital"
      },
      "geometry": {
        "type": "Point",
        "coordinates": [
          103.7595047,
          1.4659796
        ]
      },
      "id": "node/10858968181"
    },
    {
      "type": "Feature",
      "properties": {
        "@id": "node/10913708643",
        "amenity": "clinic",
        "name": "Klinik Adham"
      },
      "geometry": {
        "type": "Point",
        "coordinates": [
          103.8525206,
          1.674053
        ]
      },
      "id": "node/10913708643"
    },
    {
      "type": "Feature",
      "properties": {
        "@id": "node/10933484556",
        "amenity": "clinic",
        "healthcare": "clinic",
        "level": "1",
        "name": "Klinik my Clinic",
        "shop": "beauty"
      },
      "geometry": {
        "type": "Point",
        "coordinates": [
          103.7834363,
          1.5546925
        ]
      },
      "id": "node/10933484556"
    },
    {
      "type": "Feature",
      "properties": {
        "@id": "node/10933484593",
        "amenity": "clinic",
        "healthcare": "clinic",
        "level": "1",
        "name": "Klinik Pakar Perbidanan Tebrau",
        "name:ms": "Klinik Pakar Perbidanan Tebrau",
        "name:zh": "奧斯江黃名婦產專科",
        "opening_hours": "24/7"
      },
      "geometry": {
        "type": "Point",
        "coordinates": [
          103.782867,
          1.5558487
        ]
      },
      "id": "node/10933484593"
    },
    {
      "type": "Feature",
      "properties": {
        "@id": "node/10933492013",
        "amenity": "clinic",
        "healthcare": "clinic",
        "level": "1",
        "name": "Klinik Kanak-Kanak Kidz Kare",
        "name:en": "Kidz Kare",
        "name:ms": "Klinik Kanak-Kanak Kidz Kare"
      },
      "geometry": {
        "type": "Point",
        "coordinates": [
          103.7826095,
          1.5563079
        ]
      },
      "id": "node/10933492013"
    },
    {
      "type": "Feature",
      "properties": {
        "@id": "node/10933494370",
        "amenity": "clinic",
        "healthcare": "clinic",
        "level": "1",
        "name": "Pusat Rawatan Dan Akupunktur TKM",
        "name:en": "TKM Chinese Medicine",
        "name:ms": "Pusat Rawatan Dan Akupunktur TKM",
        "name:zh": "仁心中医诊疗所"
      },
      "geometry": {
        "type": "Point",
        "coordinates": [
          103.7873758,
          1.5461641
        ]
      },
      "id": "node/10933494370"
    },
    {
      "type": "Feature",
      "properties": {
        "@id": "node/10933495525",
        "amenity": "clinic",
        "healthcare": "clinic",
        "level": "1",
        "name": "Klinik Lee",
        "name:ms": "Klinik Lee",
        "name:zh": "李医务所"
      },
      "geometry": {
        "type": "Point",
        "coordinates": [
          103.785804,
          1.5519589
        ]
      },
      "id": "node/10933495525"
    },
    {
      "type": "Feature",
      "properties": {
        "@id": "node/10946614745",
        "amenity": "clinic",
        "healthcare": "clinic",
        "level": "1",
        "name": "Pusat Rawatan Tradisional Cina Loh Kong Jin",
        "name:en": "Loh Kong Jin",
        "name:ms": "Pusat Rawatan Tradisional Cina Loh Kong Jin"
      },
      "geometry": {
        "type": "Point",
        "coordinates": [
          103.7916988,
          1.5522941
        ]
      },
      "id": "node/10946614745"
    },
    {
      "type": "Feature",
      "properties": {
        "@id": "node/10946614752",
        "amenity": "clinic",
        "healthcare": "clinic",
        "level": "1",
        "name": "Kedai Peralatan Kesihatan JM Healthcare",
        "name:en": "JM Healthcare",
        "name:ms": "Kedai Peralatan Kesihatan JM Healthcare"
      },
      "geometry": {
        "type": "Point",
        "coordinates": [
          103.7919147,
          1.5518718
        ]
      },
      "id": "node/10946614752"
    },
    {
      "type": "Feature",
      "properties": {
        "@id": "node/10946615598",
        "amenity": "clinic",
        "healthcare": "clinic",
        "level": "1",
        "name": "Klinik Yap",
        "name:en": "Yap",
        "name:ms": "Klinik Yap"
      },
      "geometry": {
        "type": "Point",
        "coordinates": [
          103.7798937,
          1.5612273
        ]
      },
      "id": "node/10946615598"
    },
    {
      "type": "Feature",
      "properties": {
        "@id": "node/10946616167",
        "amenity": "clinic",
        "level": "1",
        "name": "Klinik Family Health",
        "name:en": "Family Health Clinic",
        "name:ms": "Klinik Family Health",
        "name:zh": "家康医务所"
      },
      "geometry": {
        "type": "Point",
        "coordinates": [
          103.7769373,
          1.5621201
        ]
      },
      "id": "node/10946616167"
    },
    {
      "type": "Feature",
      "properties": {
        "@id": "node/10946617820",
        "amenity": "clinic",
        "branch": "Mount Austin",
        "healthcare": "clinic",
        "name": "Klinik Union Medic",
        "name:en": "Union Medic",
        "name:ms": "Klinik Union Medic",
        "name:zh": "（莫氏）优选西医诊所"
      },
      "geometry": {
        "type": "Point",
        "coordinates": [
          103.7728288,
          1.5592237
        ]
      },
      "id": "node/10946617820"
    },
    {
      "type": "Feature",
      "properties": {
        "@id": "node/10946617871",
        "amenity": "clinic",
        "healthcare": "clinic",
        "name": "Klinik Joycelyn Lim",
        "name:en": "Joycelyn Lim Clinic",
        "name:ms": "Klinik Joycelyn Lim",
        "name:zh": "林氏医务所"
      },
      "geometry": {
        "type": "Point",
        "coordinates": [
          103.7737984,
          1.559821
        ]
      },
      "id": "node/10946617871"
    },
    {
      "type": "Feature",
      "properties": {
        "@id": "node/10946618151",
        "amenity": "clinic",
        "healthcare": "clinic",
        "level": "1",
        "name": "Pusat Fisioterapi JB Physio Therapy",
        "name:en": "JB Physio Therapy",
        "name:ms": "Pusat Fisioterapi JB Physio Therapy"
      },
      "geometry": {
        "type": "Point",
        "coordinates": [
          103.7885023,
          1.5580922
        ]
      },
      "id": "node/10946618151"
    },
    {
      "type": "Feature",
      "properties": {
        "@id": "node/10946618185",
        "amenity": "clinic",
        "healthcare": "clinic",
        "level": "1",
        "name": "Klinik K-Health",
        "name:en": "K-Health Medical Clinic",
        "name:ms": "Klinik K-Health"
      },
      "geometry": {
        "type": "Point",
        "coordinates": [
          103.7900318,
          1.5552595
        ]
      },
      "id": "node/10946618185"
    },
    {
      "type": "Feature",
      "properties": {
        "@id": "node/10946620727",
        "amenity": "clinic",
        "healthcare": "clinic",
        "level": "1",
        "name": "Klinik Sia & Partners",
        "name:en": "Sia & Partners",
        "name:ms": "Klinik Sia & Partners",
        "name:zh": "谢氏药房"
      },
      "geometry": {
        "type": "Point",
        "coordinates": [
          103.779659,
          1.561671
        ]
      },
      "id": "node/10946620727"
    },
    {
      "type": "Feature",
      "properties": {
        "@id": "node/10946622246",
        "amenity": "clinic",
        "healthcare": "clinic",
        "level": "1",
        "name": "Klinik MX Clinic",
        "name:en": "MX Clinic",
        "name:ms": "Klinik MX Clinic",
        "shop": "beauty"
      },
      "geometry": {
        "type": "Point",
        "coordinates": [
          103.7781811,
          1.5645184
        ]
      },
      "id": "node/10946622246"
    },
    {
      "type": "Feature",
      "properties": {
        "@id": "node/10946622450",
        "amenity": "clinic",
        "healthcare": "clinic",
        "level": "1",
        "name": "Klinik MediSpring Family Polyclinic",
        "name:en": "MediSpring Family Polyclinic",
        "name:ms": "Klinik MediSpring Family Polyclinic",
        "name:zh": "爱家医务所"
      },
      "geometry": {
        "type": "Point",
        "coordinates": [
          103.778794,
          1.5624472
        ]
      },
      "id": "node/10946622450"
    },
    {
      "type": "Feature",
      "properties": {
        "@id": "node/10946622542",
        "amenity": "clinic",
        "healthcare": "clinic",
        "level": "1",
        "name": "Klinik Austin",
        "name:en": "Clinic Austin",
        "name:ms": "Klinik Austin"
      },
      "geometry": {
        "type": "Point",
        "coordinates": [
          103.7772122,
          1.5650976
        ]
      },
      "id": "node/10946622542"
    },
    {
      "type": "Feature",
      "properties": {
        "@id": "node/11003341168",
        "amenity": "clinic",
        "healthcare": "clinic",
        "name": "湘杏中医妇幼门诊",
        "name:en": "Maternal & Child TCM Clinics",
        "name:ms": "Pusat Perubatan Akupunktur",
        "name:zh": "湘杏中医妇幼门诊"
      },
      "geometry": {
        "type": "Point",
        "coordinates": [
          103.7762795,
          1.5682527
        ]
      },
      "id": "node/11003341168"
    },
    {
      "type": "Feature",
      "properties": {
        "@id": "node/11056068305",
        "addr:housenumber": "32",
        "addr:postcode": "81200",
        "addr:street": "Jalan Indah 1",
        "amenity": "clinic",
        "healthcare": "clinic",
        "name": "Klinik Soon",
        "name:en": "Clinic Soon",
        "opening_hours": "Mo-Fr 08:30-13:00, 15:00-21:30; Sa 08:30-13:00, 15:00-21:00",
        "operator": "Dr. Soon Yong Ping",
        "phone": "07-2375815"
      },
      "geometry": {
        "type": "Point",
        "coordinates": [
          103.6633466,
          1.4866563
        ]
      },
      "id": "node/11056068305"
    },
    {
      "type": "Feature",
      "properties": {
        "@id": "node/11198639687",
        "addr:city": "Johor Bahru",
        "addr:housenumber": "23",
        "addr:postcode": "81100",
        "addr:street": "Jalan Setia 3/13",
        "amenity": "clinic",
        "healthcare": "clinic",
        "name": "Klinik MediChan",
        "name:en": "Clinic MediChan",
        "opening_hours": "Mo-Su 08:00-22:00"
      },
      "geometry": {
        "type": "Point",
        "coordinates": [
          103.7587219,
          1.5762709
        ]
      },
      "id": "node/11198639687"
    },
    {
      "type": "Feature",
      "properties": {
        "@id": "node/11358125641",
        "addr:city": "Johor Bahru",
        "addr:housenumber": "9",
        "addr:postcode": "81100",
        "addr:street": "Jalan Setia 3/2A",
        "amenity": "clinic",
        "healthcare": "clinic",
        "name": "Klinik Mediviron Setia Indah",
        "name:ms": "Klinik Mediviron",
        "name:zh": "马安药房",
        "opening_hours": "Mo-Su 08:00-22:00",
        "operator": "Klinik Mediviron",
        "operator:wikidata": "Q97498892"
      },
      "geometry": {
        "type": "Point",
        "coordinates": [
          103.7571918,
          1.5725901
        ]
      },
      "id": "node/11358125641"
    },
    {
      "type": "Feature",
      "properties": {
        "@id": "node/11388876549",
        "addr:city": "Senai",
        "addr:housenumber": "35-G",
        "addr:postcode": "81400",
        "addr:street": "Jalan Terminal 5",
        "amenity": "clinic",
        "healthcare": "clinic",
        "name": "Poliklinik Rozikin & Surger"
      },
      "geometry": {
        "type": "Point",
        "coordinates": [
          103.6633976,
          1.6354374
        ]
      },
      "id": "node/11388876549"
    },
    {
      "type": "Feature",
      "properties": {
        "@id": "node/11515698686",
        "amenity": "clinic",
        "name": "Klinik Kesihatan Tanjung Sedili"
      },
      "geometry": {
        "type": "Point",
        "coordinates": [
          104.108929,
          1.925678
        ]
      },
      "id": "node/11515698686"
    },
    {
      "type": "Feature",
      "properties": {
        "@id": "node/11516532505",
        "amenity": "clinic",
        "healthcare": "clinic",
        "name": "Klinik Kesihatan Sungai Rengit",
        "name:ms": "Klinik Kesihatan Sungai Rengit",
        "name:zh": "四湾健康诊所",
        "opening_hours": "24/7",
        "operator": "Kementerian Kesihatan Malaysia",
        "operator:type": "government"
      },
      "geometry": {
        "type": "Point",
        "coordinates": [
          104.2238724,
          1.3496539
        ]
      },
      "id": "node/11516532505"
    },
    {
      "type": "Feature",
      "properties": {
        "@id": "node/11516600883",
        "amenity": "clinic",
        "name": "Klinik Kesihatan Bayu Damai Pengerang",
        "name:ms": "Klinik Kesihatan Bayu Damai Pengerang"
      },
      "geometry": {
        "type": "Point",
        "coordinates": [
          104.2725009,
          1.3883338
        ]
      },
      "id": "node/11516600883"
    },
    {
      "type": "Feature",
      "properties": {
        "@id": "node/11516670270",
        "amenity": "clinic",
        "name": "Klinik Sukimi"
      },
      "geometry": {
        "type": "Point",
        "coordinates": [
          103.6468329,
          1.5938578
        ]
      },
      "id": "node/11516670270"
    },
    {
      "type": "Feature",
      "properties": {
        "@id": "node/11516670274",
        "amenity": "clinic",
        "name": "Klinik Senai",
        "name:zh": "士乃醫務所"
      },
      "geometry": {
        "type": "Point",
        "coordinates": [
          103.645733,
          1.5971052
        ]
      },
      "id": "node/11516670274"
    },
    {
      "type": "Feature",
      "properties": {
        "@id": "node/11637259216",
        "addr:city": "Johor Bahru",
        "addr:housenumber": "15",
        "addr:postcode": "81100",
        "addr:street": "Jalan Setia 4/12",
        "amenity": "clinic",
        "healthcare": "clinic",
        "name": "Poliklinik A2",
        "opening_hours": "Mo-Su 09:00-22:00"
      },
      "geometry": {
        "type": "Point",
        "coordinates": [
          103.7487899,
          1.574268
        ]
      },
      "id": "node/11637259216"
    },
    {
      "type": "Feature",
      "properties": {
        "@id": "node/11676731327",
        "amenity": "clinic",
        "healthcare": "clinic",
        "name": "Klinik Zemlya Clinic",
        "name:en": "Zemlya Clinic",
        "name:ms": "Klinik Zemlya Clinic"
      },
      "geometry": {
        "type": "Point",
        "coordinates": [
          103.7600546,
          1.4855038
        ]
      },
      "id": "node/11676731327"
    },
    {
      "type": "Feature",
      "properties": {
        "@id": "node/11676731355",
        "amenity": "clinic",
        "healthcare": "clinic",
        "name": "Klinik Lihui",
        "name:en": "Lihui",
        "name:ms": "Klinik Lihui",
        "name:zh": "立辉藥房"
      },
      "geometry": {
        "type": "Point",
        "coordinates": [
          103.7600628,
          1.4851093
        ]
      },
      "id": "node/11676731355"
    },
    {
      "type": "Feature",
      "properties": {
        "@id": "node/11676731454",
        "amenity": "clinic",
        "healthcare": "clinic",
        "name": "Kedai Ubat Dan Perniagaan Zhong Xing",
        "name:en": "Zhong Xing",
        "name:ms": "Kedai Ubat Dan Perniagaan Zhong Xing",
        "name:zh": "老中興中醫藥行"
      },
      "geometry": {
        "type": "Point",
        "coordinates": [
          103.7609155,
          1.4852228
        ]
      },
      "id": "node/11676731454"
    },
    {
      "type": "Feature",
      "properties": {
        "@id": "node/11676731879",
        "addr:city": "Johor Bahru",
        "addr:postcode": "80250",
        "addr:street": "Jalan Dato Sulaiman",
        "amenity": "clinic",
        "healthcare": "clinic",
        "name": "LAFAVIO"
      },
      "geometry": {
        "type": "Point",
        "coordinates": [
          103.7594251,
          1.4879692
        ]
      },
      "id": "node/11676731879"
    },
    {
      "type": "Feature",
      "properties": {
        "@id": "node/11704058847",
        "addr:city": "Johor Bahru",
        "addr:housenumber": "2",
        "addr:postcode": "81100",
        "addr:street": "Jalan Setia 3/12",
        "amenity": "clinic",
        "healthcare": "clinic",
        "name": "Southern Medical Clinic"
      },
      "geometry": {
        "type": "Point",
        "coordinates": [
          103.758076,
          1.5765887
        ]
      },
      "id": "node/11704058847"
    },
    {
      "type": "Feature",
      "properties": {
        "@id": "node/11733147386",
        "amenity": "clinic",
        "healthcare": "clinic",
        "name": "Klinik Pelangi",
        "name:ms": "Klinik Pelangi",
        "name:zh": "濟群醫務所"
      },
      "geometry": {
        "type": "Point",
        "coordinates": [
          103.7737009,
          1.4814965
        ]
      },
      "id": "node/11733147386"
    },
    {
      "type": "Feature",
      "properties": {
        "@id": "node/11733147394",
        "amenity": "clinic",
        "healthcare": "clinic",
        "name": "Pusat Perubatan Akupunktur Huaren TCM Centre",
        "name:en": "Huaren TCM Centre",
        "name:ms": "Pusat Perubatan Akupunktur Huaren TCM Centre",
        "name:zh": "华仁中医"
      },
      "geometry": {
        "type": "Point",
        "coordinates": [
          103.7744389,
          1.4815893
        ]
      },
      "id": "node/11733147394"
    },
    {
      "type": "Feature",
      "properties": {
        "@id": "node/11733147410",
        "amenity": "clinic",
        "healthcare": "clinic",
        "name": "Qin TCM Acumedic Centre",
        "name:en": "Qin TCM Acumedic Centre"
      },
      "geometry": {
        "type": "Point",
        "coordinates": [
          103.7745064,
          1.4820871
        ]
      },
      "id": "node/11733147410"
    },
    {
      "type": "Feature",
      "properties": {
        "@id": "node/11733147433",
        "amenity": "clinic",
        "healthcare": "clinic",
        "name": "Pusat Akupunktur Korean Advanced TCM",
        "name:en": "Korean Advanced TCM",
        "name:ms": "Pusat Akupunktur Korean Advanced TCM"
      },
      "geometry": {
        "type": "Point",
        "coordinates": [
          103.772916,
          1.4822359
        ]
      },
      "id": "node/11733147433"
    },
    {
      "type": "Feature",
      "properties": {
        "@id": "node/11733147462",
        "amenity": "clinic",
        "healthcare": "clinic",
        "name": "Pakar Kanak-Kanak S.T. Lim",
        "name:en": "S.T. Lim Child Specialist",
        "name:ms": "Pakar Kanak-Kanak S.T. Lim",
        "name:zh": "寶寶小兒專科"
      },
      "geometry": {
        "type": "Point",
        "coordinates": [
          103.7750091,
          1.4836543
        ]
      },
      "id": "node/11733147462"
    },
    {
      "type": "Feature",
      "properties": {
        "@id": "node/11733147466",
        "amenity": "clinic",
        "healthcare": "clinic",
        "name": "Pakar Perbidanan Wanita",
        "name:ms": "Pakar Perbidanan Wanita",
        "name:zh": "謝氏婦產專科"
      },
      "geometry": {
        "type": "Point",
        "coordinates": [
          103.7749693,
          1.4841736
        ]
      },
      "id": "node/11733147466"
    },
    {
      "type": "Feature",
      "properties": {
        "@id": "node/11733159475",
        "amenity": "clinic",
        "healthcare": "clinic",
        "name": "Klinik Dr. Ko",
        "name:en": "Klinik Dr. Ko",
        "name:ms": "Klinik Dr. Ko",
        "phone": "017-603-2022"
      },
      "geometry": {
        "type": "Point",
        "coordinates": [
          103.7753959,
          1.4844444
        ]
      },
      "id": "node/11733159475"
    },
    {
      "type": "Feature",
      "properties": {
        "@id": "node/11733159485",
        "amenity": "clinic",
        "healthcare": "clinic",
        "name": "Klinik Irvine",
        "name:ms": "Klinik Irvine",
        "name:zh": "cyan"
      },
      "geometry": {
        "type": "Point",
        "coordinates": [
          103.7754988,
          1.4833007
        ]
      },
      "id": "node/11733159485"
    },
    {
      "type": "Feature",
      "properties": {
        "@id": "node/11733160200",
        "amenity": "clinic",
        "healthcare": "clinic",
        "name": "Ren Kang Healthcare Centre",
        "name:en": "Ren Kang Healthcare Centre",
        "name:ms": "Pusat Rawatan Akupunktur Ren Kang",
        "name:zh": "仁康中医"
      },
      "geometry": {
        "type": "Point",
        "coordinates": [
          103.775533,
          1.4829213
        ]
      },
      "id": "node/11733160200"
    },
    {
      "type": "Feature",
      "properties": {
        "@id": "node/11733292033",
        "amenity": "clinic",
        "healthcare": "clinic",
        "name": "Klinik Pakar Mata Tan Eye Surgery & Laser",
        "name:en": "Tan Eye Surgery & Laser Clinic",
        "name:ms": "Klinik Pakar Mata Tan Eye Surgery & Laser",
        "name:zh": "陳眼科手術。激光诊所"
      },
      "geometry": {
        "type": "Point",
        "coordinates": [
          103.7742248,
          1.4798464
        ]
      },
      "id": "node/11733292033"
    },
    {
      "type": "Feature",
      "properties": {
        "@id": "node/11733292042",
        "amenity": "clinic",
        "healthcare": "clinic",
        "name": "Klinik Chen",
        "name:ms": "Klinik Chen",
        "name:zh": "全民诊所"
      },
      "geometry": {
        "type": "Point",
        "coordinates": [
          103.7738302,
          1.4803582
        ]
      },
      "id": "node/11733292042"
    },
    {
      "type": "Feature",
      "properties": {
        "@id": "node/11733292045",
        "amenity": "clinic",
        "healthcare": "clinic",
        "name": "Pusat Akupunktur Dan Produk Herba Cina TCM Acupunture Centre",
        "name:en": "TCM Acupunture Centre",
        "name:ms": "Pusat Akupunktur Dan Produk Herba Cina TCM Acupunture Centre"
      },
      "geometry": {
        "type": "Point",
        "coordinates": [
          103.7736259,
          1.4806238
        ]
      },
      "id": "node/11733292045"
    },
    {
      "type": "Feature",
      "properties": {
        "@id": "node/11964592870",
        "amenity": "clinic",
        "healthcare": "clinic"
      },
      "geometry": {
        "type": "Point",
        "coordinates": [
          102.5863174,
          2.0484804
        ]
      },
      "id": "node/11964592870"
    },
    {
      "type": "Feature",
      "properties": {
        "@id": "node/12068334964",
        "amenity": "clinic",
        "name": "Klinik OverseaA",
        "name:en": "OverseaA",
        "name:ms": "Klinik OverseaA"
      },
      "geometry": {
        "type": "Point",
        "coordinates": [
          103.7819336,
          1.5169908
        ]
      },
      "id": "node/12068334964"
    },
    {
      "type": "Feature",
      "properties": {
        "@id": "node/12068363934",
        "amenity": "doctors",
        "name": "Perkhidmatan Perunding Kesihatan Revine",
        "name:en": "Revine",
        "name:ms": "Perkhidmatan Perunding Kesihatan Revine"
      },
      "geometry": {
        "type": "Point",
        "coordinates": [
          103.781613,
          1.5176433
        ]
      },
      "id": "node/12068363934"
    },
    {
      "type": "Feature",
      "properties": {
        "@id": "node/12300616385",
        "amenity": "clinic",
        "healthcare": "clinic",
        "name": "Teo Orthopaedic Specialist Clinic"
      },
      "geometry": {
        "type": "Point",
        "coordinates": [
          103.7593403,
          1.4663748
        ]
      },
      "id": "node/12300616385"
    },
    {
      "type": "Feature",
      "properties": {
        "@id": "node/12300616394",
        "amenity": "clinic",
        "healthcare": "clinic",
        "name": "Klinik Pakar Perubatan Chin"
      },
      "geometry": {
        "type": "Point",
        "coordinates": [
          103.7595413,
          1.4661083
        ]
      },
      "id": "node/12300616394"
    },
    {
      "type": "Feature",
      "properties": {
        "@id": "node/12300616395",
        "addr:housenumber": "164C",
        "addr:street": "Jalan Ngee Heng",
        "amenity": "clinic",
        "healthcare": "clinic",
        "name": "Klinik Gan"
      },
      "geometry": {
        "type": "Point",
        "coordinates": [
          103.7605734,
          1.464838
        ]
      },
      "id": "node/12300616395"
    },
    {
      "type": "Feature",
      "properties": {
        "@id": "node/12300616711",
        "amenity": "clinic",
        "healthcare": "clinic",
        "name": "Faizal Women Specialist Clinic"
      },
      "geometry": {
        "type": "Point",
        "coordinates": [
          103.7592757,
          1.4664792
        ]
      },
      "id": "node/12300616711"
    },
    {
      "type": "Feature",
      "properties": {
        "@id": "node/12382127486",
        "amenity": "clinic",
        "healthcare": "clinic",
        "name": "Klinik Elizabeth",
        "operator": "Klinik Elizabeth"
      },
      "geometry": {
        "type": "Point",
        "coordinates": [
          102.9365532,
          1.8584069
        ]
      },
      "id": "node/12382127486"
    },
    {
      "type": "Feature",
      "properties": {
        "@id": "node/12390023269",
        "amenity": "clinic",
        "healthcare": "clinic",
        "healthcare:speciality": "ophthalmology",
        "name": "Klinik Pakar Mata Normah",
        "operator": "Doktor Normah"
      },
      "geometry": {
        "type": "Point",
        "coordinates": [
          102.9507479,
          1.8639932
        ]
      },
      "id": "node/12390023269"
    },
    {
      "type": "Feature",
      "properties": {
        "@id": "node/12393511554",
        "amenity": "clinic",
        "healthcare": "clinic",
        "name": "Klinik Laysia"
      },
      "geometry": {
        "type": "Point",
        "coordinates": [
          102.9281222,
          1.8495507
        ]
      },
      "id": "node/12393511554"
    },
    {
      "type": "Feature",
      "properties": {
        "@id": "node/12397531201",
        "amenity": "clinic",
        "healthcare": "clinic",
        "name": "Klinik Nur"
      },
      "geometry": {
        "type": "Point",
        "coordinates": [
          102.926287,
          1.8576608
        ]
      },
      "id": "node/12397531201"
    },
    {
      "type": "Feature",
      "properties": {
        "@id": "node/12397731996",
        "amenity": "clinic",
        "healthcare": "clinic",
        "name": "Poliklinik Falah Medica"
      },
      "geometry": {
        "type": "Point",
        "coordinates": [
          102.9449165,
          1.8665007
        ]
      },
      "id": "node/12397731996"
    },
    {
      "type": "Feature",
      "properties": {
        "@id": "node/12397749013",
        "amenity": "clinic",
        "healthcare": "clinic",
        "name": "Maju Specialist Clinic",
        "name:en": "Maju Specialist Clinic"
      },
      "geometry": {
        "type": "Point",
        "coordinates": [
          102.9433567,
          1.8676749
        ]
      },
      "id": "node/12397749013"
    },
    {
      "type": "Feature",
      "properties": {
        "@id": "node/12397764696",
        "amenity": "clinic",
        "healthcare": "clinic",
        "name": "Klinik Johor",
        "name:ms": "Klinik Johor"
      },
      "geometry": {
        "type": "Point",
        "coordinates": [
          102.9429485,
          1.8677104
        ]
      },
      "id": "node/12397764696"
    },
    {
      "type": "Feature",
      "properties": {
        "@id": "node/12450773480",
        "amenity": "clinic",
        "healthcare": "clinic",
        "healthcare:speciality": "paediatrics",
        "name": "Klinik Pakar Kanak-Kanak Az-Zahraa"
      },
      "geometry": {
        "type": "Point",
        "coordinates": [
          102.9498912,
          1.8634789
        ]
      },
      "id": "node/12450773480"
    },
    {
      "type": "Feature",
      "properties": {
        "@id": "node/12450829649",
        "amenity": "clinic",
        "healthcare": "clinic",
        "name": "宏仁轩中医",
        "name:zh": "宏仁轩中医",
        "name:zh-Hans": "宏仁轩中医",
        "name:zh-Hant": "宏仁軒中醫"
      },
      "geometry": {
        "type": "Point",
        "coordinates": [
          102.9438126,
          1.8676281
        ]
      },
      "id": "node/12450829649"
    },
    {
      "type": "Feature",
      "properties": {
        "@id": "node/12455620213",
        "addr:city": "Kluang",
        "addr:housenumber": "15",
        "addr:postcode": "86000",
        "addr:street": "Jalan Kampung Tengah 2",
        "amenity": "hospital",
        "contact:facebook": "https://www.facebook.com/profile.php?id=61566279856507&mibextid=ZbWKwL",
        "healthcare": "hospital",
        "healthcare:speciality": "general",
        "mobile": "+601118720942",
        "name": "KLINIK VR FAMILY CARE",
        "opening_hours": "Mo-Su 06:00-24:00",
        "operator": "Arulvelan",
        "operator:type": "private"
      },
      "geometry": {
        "type": "Point",
        "coordinates": [
          103.3517719,
          2.0541025
        ]
      },
      "id": "node/12455620213"
    },
    {
      "type": "Feature",
      "properties": {
        "@id": "node/12466420732",
        "amenity": "clinic",
        "healthcare": "clinic",
        "name": "KPJ Medical Suites"
      },
      "geometry": {
        "type": "Point",
        "coordinates": [
          103.7604135,
          1.4630866
        ]
      },
      "id": "node/12466420732"
    },
    {
      "type": "Feature",
      "properties": {
        "@id": "node/12535601310",
        "amenity": "clinic",
        "healthcare": "clinic",
        "name": "H-II Clinic"
      },
      "geometry": {
        "type": "Point",
        "coordinates": [
          102.5858868,
          2.0484965
        ]
      },
      "id": "node/12535601310"
    },
    {
      "type": "Feature",
      "properties": {
        "@id": "node/12535716338",
        "amenity": "clinic",
        "healthcare": "clinic",
        "name": "Family Clinic"
      },
      "geometry": {
        "type": "Point",
        "coordinates": [
          102.5859405,
          2.0484926
        ]
      },
      "id": "node/12535716338"
    },
    {
      "type": "Feature",
      "properties": {
        "@id": "node/12537874908",
        "amenity": "clinic",
        "healthcare": "clinic",
        "name": "Klinik Kee"
      },
      "geometry": {
        "type": "Point",
        "coordinates": [
          102.9293531,
          1.8525195
        ]
      },
      "id": "node/12537874908"
    },
    {
      "type": "Feature",
      "properties": {
        "@id": "node/12539160134",
        "amenity": "clinic",
        "healthcare": "clinic",
        "name": "Klinik Salam"
      },
      "geometry": {
        "type": "Point",
        "coordinates": [
          102.5979864,
          2.0604884
        ]
      },
      "id": "node/12539160134"
    },
    {
      "type": "Feature",
      "properties": {
        "@id": "node/12589525609",
        "amenity": "clinic",
        "healthcare": "clinic",
        "name": "Poliklinik Hidayah"
      },
      "geometry": {
        "type": "Point",
        "coordinates": [
          102.9276307,
          1.8547636
        ]
      },
      "id": "node/12589525609"
    },
    {
      "type": "Feature",
      "properties": {
        "@id": "node/12697721142",
        "addr:housenumber": "83-4",
        "addr:street": "Jalan Trus",
        "amenity": "clinic",
        "healthcare": "clinic",
        "name": "Klinik Dr. Mahmud JB"
      },
      "geometry": {
        "type": "Point",
        "coordinates": [
          103.7621155,
          1.4626316
        ]
      },
      "id": "node/12697721142"
    },
    {
      "type": "Feature",
      "properties": {
        "@id": "node/12754577962",
        "addr:city": "Kluang",
        "addr:housenumber": "G-34",
        "addr:postcode": "86000",
        "addr:street": "Jalan Haji Manan",
        "amenity": "clinic",
        "contact:facebook": "https://www.facebook.com/klinikmesrakluang/",
        "healthcare": "clinic",
        "healthcare:speciality": "general;dermatology;otolaryngology;emergency;blood_check;allergology;family_medicine",
        "name": "Klinik Mesra Kluang",
        "name:ms": "Klinik Mesra Kluang",
        "name:zh": "居銮仁民诊所",
        "name:zh-Hans": "居銮仁民诊所",
        "name:zh-Hant": "居鑾仁民診所",
        "opening_hours": "Mo-Su 08:00-22:00",
        "operator": "Mesra Medik Group",
        "operator:type": "private"
      },
      "geometry": {
        "type": "Point",
        "coordinates": [
          103.3194709,
          2.0353238
        ]
      },
      "id": "node/12754577962"
    },
    {
      "type": "Feature",
      "properties": {
        "@id": "node/12897400283",
        "addr:city": "Johor Bahru",
        "addr:postcode": "81110",
        "addr:street": "Jalan Paprika 2",
        "amenity": "clinic",
        "branch": "Pulai Hijauan",
        "healthcare": "clinic",
        "name": "Klinik Adham"
      },
      "geometry": {
        "type": "Point",
        "coordinates": [
          103.5678188,
          1.5569136
        ]
      },
      "id": "node/12897400283"
    },
    {
      "type": "Feature",
      "properties": {
        "@id": "node/12986616394",
        "amenity": "clinic",
        "healthcare": "clinic",
        "level": "0",
        "name": "Klinik Siti Fatimah"
      },
      "geometry": {
        "type": "Point",
        "coordinates": [
          103.6321729,
          1.5404731
        ]
      },
      "id": "node/12986616394"
    },
    {
      "type": "Feature",
      "properties": {
        "@id": "node/13256972691",
        "addr:city": "Iskandar Puteri",
        "addr:housenumber": "55G",
        "addr:postcode": "79100",
        "addr:street": "Jalan Indah 10/1",
        "air_conditioning": "yes",
        "amenity": "clinic",
        "contact:facebook": "facebook.com/hongyuantcm",
        "email": "hongyuantcm@gmail.com",
        "healthcare": "clinic",
        "healthcare:speciality": "traditional_chinese_medicine",
        "mobile": "60187750668",
        "name": "Hong Yuan TCM 鸿元中医",
        "operator": "KJH Healthcare Sdn. Bhd.",
        "phone": "6075596370"
      },
      "geometry": {
        "type": "Point",
        "coordinates": [
          103.6507419,
          1.4786384
        ]
      },
      "id": "node/13256972691"
    },
    {
      "type": "Feature",
      "properties": {
        "@id": "node/13603070122",
        "amenity": "clinic",
        "name": "Perkhidmatan Tabib Cina Da An TCM Centre",
        "name:en": "Da An TCM Centre",
        "name:ms": "Perkhidmatan Tabib Cina Da An TCM Centre",
        "name:zh": "達安中医诊所"
      },
      "geometry": {
        "type": "Point",
        "coordinates": [
          103.5111585,
          1.5092439
        ]
      },
      "id": "node/13603070122"
    },
    {
      "type": "Feature",
      "properties": {
        "@id": "node/13603071083",
        "amenity": "clinic",
        "name": "Klinik 1 Hope",
        "name:en": "1 Hope",
        "name:ms": "Klinik 1 Hope"
      },
      "geometry": {
        "type": "Point",
        "coordinates": [
          103.5129771,
          1.5073972
        ]
      },
      "id": "node/13603071083"
    },
    {
      "type": "Feature",
      "properties": {
        "@id": "node/13603071383",
        "amenity": "clinic",
        "name": "Klinik Tan & Lum",
        "name:en": "Tan & Lum",
        "name:ms": "Klinik Tan & Lum"
      },
      "geometry": {
        "type": "Point",
        "coordinates": [
          103.5107025,
          1.507485
        ]
      },
      "id": "node/13603071383"
    },
    {
      "type": "Feature",
      "properties": {
        "@id": "node/13603071517",
        "amenity": "clinic",
        "name": "Klinik Medirra",
        "name:en": "Medirra",
        "name:ms": "Klinik Medirra"
      },
      "geometry": {
        "type": "Point",
        "coordinates": [
          103.5089725,
          1.5094544
        ]
      },
      "id": "node/13603071517"
    },
    {
      "type": "Feature",
      "properties": {
        "@id": "node/13603071702",
        "amenity": "clinic",
        "name": "Klinik Maxcare",
        "name:en": "Maxcare",
        "name:ms": "Klinik Maxcare"
      },
      "geometry": {
        "type": "Point",
        "coordinates": [
          103.5092881,
          1.5096419
        ]
      },
      "id": "node/13603071702"
    },
    {
      "type": "Feature",
      "properties": {
        "@id": "node/13603071712",
        "amenity": "clinic",
        "name": "Klinik Polilinik Pekan Nenas",
        "name:ms": "Klinik Polilinik Pekan Nenas",
        "name:zh": "北干那那医务所"
      },
      "geometry": {
        "type": "Point",
        "coordinates": [
          103.5102289,
          1.5093961
        ]
      },
      "id": "node/13603071712"
    },
    {
      "type": "Feature",
      "properties": {
        "@id": "node/13603071738",
        "amenity": "clinic",
        "name": "Klinik Johor",
        "name:en": "Johor Clinic",
        "name:ms": "Klinik Johor"
      },
      "geometry": {
        "type": "Point",
        "coordinates": [
          103.509631,
          1.5085061
        ]
      },
      "id": "node/13603071738"
    },
    {
      "type": "Feature",
      "properties": {
        "@id": "node/13622711301",
        "amenity": "clinic",
        "healthcare": "clinic"
      },
      "geometry": {
        "type": "Point",
        "coordinates": [
          103.2599439,
          1.6490558
        ]
      },
      "id": "node/13622711301"
    },
    {
      "type": "Feature",
      "properties": {
        "@id": "node/13622712002",
        "amenity": "clinic",
        "healthcare": "clinic"
      },
      "geometry": {
        "type": "Point",
        "coordinates": [
          103.2592511,
          1.6490598
        ]
      },
      "id": "node/13622712002"
    },
    {
      "type": "Feature",
      "properties": {
        "@id": "node/13634283973",
        "amenity": "clinic",
        "name": "Klinik Hana",
        "name:en": "Hana",
        "name:ms": "Klinik Hana"
      },
      "geometry": {
        "type": "Point",
        "coordinates": [
          103.7456734,
          1.5480048
        ]
      },
      "id": "node/13634283973"
    },
    {
      "type": "Feature",
      "properties": {
        "@id": "node/13634283993",
        "amenity": "clinic",
        "name": "Klinik Luxe's Clinic",
        "name:en": "Luxe's Clinic",
        "name:ms": "Klinik Luxe's Clinic"
      },
      "geometry": {
        "type": "Point",
        "coordinates": [
          103.743073,
          1.5481623
        ]
      },
      "id": "node/13634283993"
    },
    {
      "type": "Feature",
      "properties": {
        "@id": "node/13634283995",
        "amenity": "clinic",
        "name": "Klinik Dr. Suria",
        "name:en": "Dr. Suria",
        "name:ms": "Klinik Dr. Suria"
      },
      "geometry": {
        "type": "Point",
        "coordinates": [
          103.7432018,
          1.5481141
        ]
      },
      "id": "node/13634283995"
    },
    {
      "type": "Feature",
      "properties": {
        "@id": "node/13634283999",
        "amenity": "clinic",
        "name": "Klinik Noor Hetty",
        "name:ms": "Klinik Noor Hetty"
      },
      "geometry": {
        "type": "Point",
        "coordinates": [
          103.7435592,
          1.5479666
        ]
      },
      "id": "node/13634283999"
    },
    {
      "type": "Feature",
      "properties": {
        "@id": "node/13634305205",
        "amenity": "clinic",
        "name": "Klinik Tong & Surgeri",
        "name:en": "Tong & Surgeri",
        "name:ms": "Klinik Tong & Surgeri"
      },
      "geometry": {
        "type": "Point",
        "coordinates": [
          103.7439944,
          1.5478158
        ]
      },
      "id": "node/13634305205"
    },
    {
      "type": "Feature",
      "properties": {
        "@id": "node/13634305216",
        "amenity": "clinic",
        "healthcare": "clinic",
        "name": "Klinik Anda",
        "name:ms": "Klinik Anda",
        "opening_hours": "24/7"
      },
      "geometry": {
        "type": "Point",
        "coordinates": [
          103.7452047,
          1.5473714
        ]
      },
      "id": "node/13634305216"
    },
    {
      "type": "Feature",
      "properties": {
        "@id": "node/13640410160",
        "amenity": "clinic",
        "healthcare": "clinic",
        "name": "Klinik Union Medic"
      },
      "geometry": {
        "type": "Point",
        "coordinates": [
          102.6527132,
          2.2133276
        ]
      },
      "id": "node/13640410160"
    },
    {
      "type": "Feature",
      "properties": {
        "@id": "node/13647648541",
        "amenity": "clinic",
        "healthcare": "clinic",
        "name": "Klinik Kesihatan Kulai",
        "name:en": "Kulai Health Clinic",
        "name:ms": "Klinik Kesihatan Kulai",
        "name:zh": "古来政府诊所",
        "name:zh-Hans": "古来政府诊所",
        "name:zh-Hant": "古來政府診所"
      },
      "geometry": {
        "type": "Point",
        "coordinates": [
          103.6070241,
          1.6555571
        ]
      },
      "id": "node/13647648541"
    },
    {
      "type": "Feature",
      "properties": {
        "@id": "node/13663104917",
        "air_conditioning": "yes",
        "alt_name": "Pusat Kesihatan Universiti UTHM",
        "amenity": "clinic",
        "healthcare": "clinic",
        "name": "PKU UTHM"
      },
      "geometry": {
        "type": "Point",
        "coordinates": [
          103.0841335,
          1.8565708
        ]
      },
      "id": "node/13663104917"
    },
    {
      "type": "Feature",
      "properties": {
        "@id": "node/13674532601",
        "amenity": "clinic",
        "check_date": "2026-03-19",
        "healthcare": "clinic",
        "name:en": "Dr Wen Clinic"
      },
      "geometry": {
        "type": "Point",
        "coordinates": [
          103.6572991,
          1.4764775
        ]
      },
      "id": "node/13674532601"
    },
    {
      "type": "Feature",
      "properties": {
        "@id": "node/14085081213",
        "amenity": "clinic",
        "healthcare": "clinic",
        "name": "Klinik Kesihatan Renggam",
        "operator": "Kementerian Kesihatan Malaysia",
        "operator:short": "KKM",
        "operator:type": "government",
        "operator:wikidata": "Q4294352"
      },
      "geometry": {
        "type": "Point",
        "coordinates": [
          103.3962408,
          1.8846623
        ]
      },
      "id": "node/14085081213"
    },
    {
      "type": "Feature",
      "properties": {
        "@id": "node/14085747703",
        "amenity": "clinic",
        "healthcare": "clinic",
        "name": "Klinik Desa Sungai Sayong",
        "operator": "Kementerian Kesihatan Malaysia",
        "operator:short": "KKM",
        "operator:type": "government",
        "operator:wikidata": "Q4294352"
      },
      "geometry": {
        "type": "Point",
        "coordinates": [
          103.3733769,
          1.9209834
        ]
      },
      "id": "node/14085747703"
    },
    {
      "type": "Feature",
      "properties": {
        "@id": "node/14085747705",
        "amenity": "clinic",
        "healthcare": "clinic",
        "name": "Klinik Desa Kampung Tengah Renggam",
        "operator": "Kementerian Kesihatan Malaysia",
        "operator:short": "KKM",
        "operator:type": "government",
        "operator:wikidata": "Q4294352"
      },
      "geometry": {
        "type": "Point",
        "coordinates": [
          103.4111416,
          1.8414103
        ]
      },
      "id": "node/14085747705"
    }
  ]
}